Release 14.7 - xst P.20131013 (lin64)
Copyright (c) 1995-2013 Xilinx, Inc.  All rights reserved.
--> 
Parameter TMPDIR set to xst/projnav.tmp


Total REAL time to Xst completion: 0.00 secs
Total CPU time to Xst completion: 0.05 secs
 
--> 
Parameter xsthdpdir set to xst


Total REAL time to Xst completion: 0.00 secs
Total CPU time to Xst completion: 0.06 secs
 
--> 
Reading design: aes_fpga_top.prj

TABLE OF CONTENTS
  1) Synthesis Options Summary
  2) HDL Parsing
  3) HDL Elaboration
  4) HDL Synthesis
       4.1) HDL Synthesis Report
  5) Advanced HDL Synthesis
       5.1) Advanced HDL Synthesis Report
  6) Low Level Synthesis
  7) Partition Report
  8) Design Summary
       8.1) Primitive and Black Box Usage
       8.2) Device utilization summary
       8.3) Partition Resource Summary
       8.4) Timing Report
            8.4.1) Clock Information
            8.4.2) Asynchronous Control Signals Information
            8.4.3) Timing Summary
            8.4.4) Timing Details
            8.4.5) Cross Clock Domains Report


=========================================================================
*                      Synthesis Options Summary                        *
=========================================================================
---- Source Parameters
Input File Name                    : "aes_fpga_top.prj"
Ignore Synthesis Constraint File   : NO

---- Target Parameters
Output File Name                   : "aes_fpga_top"
Output Format                      : NGC
Target Device                      : xc6slx4-2-tqg144

---- Source Options
Top Module Name                    : aes_fpga_top
Automatic FSM Extraction           : YES
FSM Encoding Algorithm             : Auto
Safe Implementation                : No
FSM Style                          : LUT
RAM Extraction                     : Yes
RAM Style                          : Auto
ROM Extraction                     : Yes
Shift Register Extraction          : YES
ROM Style                          : Auto
Resource Sharing                   : YES
Asynchronous To Synchronous        : NO
Shift Register Minimum Size        : 2
Use DSP Block                      : Auto
Automatic Register Balancing       : No

---- Target Options
LUT Combining                      : Auto
Reduce Control Sets                : Auto
Add IO Buffers                     : YES
Global Maximum Fanout              : 100000
Add Generic Clock Buffer(BUFG)     : 16
Register Duplication               : YES
Optimize Instantiated Primitives   : NO
Use Clock Enable                   : Auto
Use Synchronous Set                : Auto
Use Synchronous Reset              : Auto
Pack IO Registers into IOBs        : Auto
Equivalent register Removal        : YES

---- General Options
Optimization Goal                  : Speed
Optimization Effort                : 1
Power Reduction                    : NO
Keep Hierarchy                     : No
Netlist Hierarchy                  : As_Optimized
RTL Output                         : Yes
Global Optimization                : AllClockNets
Read Cores                         : YES
Write Timing Constraints           : NO
Cross Clock Analysis               : NO
Hierarchy Separator                : /
Bus Delimiter                      : <>
Case Specifier                     : Maintain
Slice Utilization Ratio            : 100
BRAM Utilization Ratio             : 100
DSP48 Utilization Ratio            : 100
Auto BRAM Packing                  : NO
Slice Utilization Ratio Delta      : 5

=========================================================================


=========================================================================
*                          HDL Parsing                                  *
=========================================================================
Analyzing Verilog file "/home/ise/AES_FPGA_VPGFA/aes_top.v" into library work
Parsing module <aes_top>.
Analyzing Verilog file "/home/ise/AES_FPGA_VPGFA/aes_fpga_top.v" into library work
Parsing module <aes_fpga_top>.

=========================================================================
*                            HDL Elaboration                            *
=========================================================================

Elaborating module <aes_fpga_top>.

Elaborating module <aes_top>.
WARNING:HDLCompiler:413 - "/home/ise/AES_FPGA_VPGFA/aes_top.v" Line 385: Result of 5-bit expression is truncated to fit in 4-bit target.
WARNING:HDLCompiler:1127 - "/home/ise/AES_FPGA_VPGFA/aes_top.v" Line 405: Assignment to round_dec ignored, since the identifier is never used
WARNING:HDLCompiler:1127 - "/home/ise/AES_FPGA_VPGFA/aes_fpga_top.v" Line 25: Assignment to decryptedtext ignored, since the identifier is never used

=========================================================================
*                           HDL Synthesis                               *
=========================================================================

Synthesizing Unit <aes_fpga_top>.
    Related source file is "/home/ise/AES_FPGA_VPGFA/aes_fpga_top.v".
INFO:Xst:3210 - "/home/ise/AES_FPGA_VPGFA/aes_fpga_top.v" line 17: Output port <decryptedtext> of the instance <core> is unconnected or connected to loadless signal.
    Summary:
	no macro.
Unit <aes_fpga_top> synthesized.

Synthesizing Unit <aes_top>.
    Related source file is "/home/ise/AES_FPGA_VPGFA/aes_top.v".
    Found 128-bit register for signal <ciphertext>.
    Found 128-bit register for signal <decryptedtext>.
    Found 128-bit register for signal <decrypt_result_reg>.
    Found 128-bit register for signal <state>.
    Found 4-bit register for signal <round_enc>.
    Found 1-bit register for signal <working_enc>.
    Found 1-bit register for signal <done_enc>.
    Found 1-bit register for signal <working_dec>.
    Found 1-bit register for signal <done_dec>.
    Found 4-bit adder for signal <round_enc[3]_GND_2_o_add_1264_OUT> created at line 385.
    Found 16x128-bit Read Only RAM for signal <round_enc[3]_X_2_o_wide_mux_1262_OUT>
    Found 256x8-bit Read Only RAM for signal <state[127]_GND_2_o_wide_mux_94_OUT>
    Found 256x8-bit Read Only RAM for signal <state[119]_GND_2_o_wide_mux_95_OUT>
    Found 256x8-bit Read Only RAM for signal <state[111]_GND_2_o_wide_mux_96_OUT>
    Found 256x8-bit Read Only RAM for signal <state[103]_GND_2_o_wide_mux_97_OUT>
    Found 256x8-bit Read Only RAM for signal <state[95]_GND_2_o_wide_mux_98_OUT>
    Found 256x8-bit Read Only RAM for signal <state[87]_GND_2_o_wide_mux_99_OUT>
    Found 256x8-bit Read Only RAM for signal <state[79]_GND_2_o_wide_mux_100_OUT>
    Found 256x8-bit Read Only RAM for signal <state[71]_GND_2_o_wide_mux_101_OUT>
    Found 256x8-bit Read Only RAM for signal <state[63]_GND_2_o_wide_mux_102_OUT>
    Found 256x8-bit Read Only RAM for signal <state[55]_GND_2_o_wide_mux_103_OUT>
    Found 256x8-bit Read Only RAM for signal <state[47]_GND_2_o_wide_mux_104_OUT>
    Found 256x8-bit Read Only RAM for signal <state[39]_GND_2_o_wide_mux_105_OUT>
    Found 256x8-bit Read Only RAM for signal <state[31]_GND_2_o_wide_mux_106_OUT>
    Found 256x8-bit Read Only RAM for signal <state[23]_GND_2_o_wide_mux_107_OUT>
    Found 256x8-bit Read Only RAM for signal <state[15]_GND_2_o_wide_mux_108_OUT>
    Found 256x8-bit Read Only RAM for signal <state[7]_GND_2_o_wide_mux_109_OUT>
    Found 256x8-bit Read Only RAM for signal <ciphertext[127]_GND_2_o_wide_mux_1298_OUT>
    Found 256x8-bit Read Only RAM for signal <ciphertext[127]_GND_2_o_wide_mux_1299_OUT>
    Found 256x8-bit Read Only RAM for signal <ciphertext[127]_GND_2_o_wide_mux_1300_OUT>
    Found 256x8-bit Read Only RAM for signal <ciphertext[127]_GND_2_o_wide_mux_1301_OUT>
    Found 256x8-bit Read Only RAM for signal <ciphertext[127]_GND_2_o_wide_mux_1302_OUT>
    Found 256x8-bit Read Only RAM for signal <ciphertext[127]_GND_2_o_wide_mux_1303_OUT>
    Found 256x8-bit Read Only RAM for signal <ciphertext[127]_GND_2_o_wide_mux_1304_OUT>
    Found 256x8-bit Read Only RAM for signal <ciphertext[127]_GND_2_o_wide_mux_1305_OUT>
    Found 256x8-bit Read Only RAM for signal <ciphertext[127]_GND_2_o_wide_mux_1306_OUT>
    Found 256x8-bit Read Only RAM for signal <ciphertext[127]_GND_2_o_wide_mux_1307_OUT>
    Found 256x8-bit Read Only RAM for signal <ciphertext[127]_GND_2_o_wide_mux_1308_OUT>
    Found 256x8-bit Read Only RAM for signal <ciphertext[127]_GND_2_o_wide_mux_1309_OUT>
    Found 256x8-bit Read Only RAM for signal <ciphertext[127]_GND_2_o_wide_mux_1310_OUT>
    Found 256x8-bit Read Only RAM for signal <ciphertext[127]_GND_2_o_wide_mux_1311_OUT>
    Found 256x8-bit Read Only RAM for signal <ciphertext[127]_GND_2_o_wide_mux_1312_OUT>
    Found 256x8-bit Read Only RAM for signal <ciphertext[127]_GND_2_o_wide_mux_1313_OUT>
    Found 256x8-bit Read Only RAM for signal <GND_2_o_GND_2_o_wide_mux_2563_OUT>
    Found 256x8-bit Read Only RAM for signal <GND_2_o_GND_2_o_wide_mux_2564_OUT>
    Found 256x8-bit Read Only RAM for signal <GND_2_o_GND_2_o_wide_mux_2565_OUT>
    Found 256x8-bit Read Only RAM for signal <GND_2_o_GND_2_o_wide_mux_2566_OUT>
    Found 256x8-bit Read Only RAM for signal <GND_2_o_GND_2_o_wide_mux_2567_OUT>
    Found 256x8-bit Read Only RAM for signal <GND_2_o_GND_2_o_wide_mux_2568_OUT>
    Found 256x8-bit Read Only RAM for signal <GND_2_o_GND_2_o_wide_mux_2569_OUT>
    Found 256x8-bit Read Only RAM for signal <GND_2_o_GND_2_o_wide_mux_2570_OUT>
    Found 256x8-bit Read Only RAM for signal <GND_2_o_GND_2_o_wide_mux_2571_OUT>
    Found 256x8-bit Read Only RAM for signal <GND_2_o_GND_2_o_wide_mux_2572_OUT>
    Found 256x8-bit Read Only RAM for signal <GND_2_o_GND_2_o_wide_mux_2573_OUT>
    Found 256x8-bit Read Only RAM for signal <GND_2_o_GND_2_o_wide_mux_2574_OUT>
    Found 256x8-bit Read Only RAM for signal <GND_2_o_GND_2_o_wide_mux_2575_OUT>
    Found 256x8-bit Read Only RAM for signal <GND_2_o_GND_2_o_wide_mux_2576_OUT>
    Found 256x8-bit Read Only RAM for signal <GND_2_o_GND_2_o_wide_mux_2577_OUT>
    Found 256x8-bit Read Only RAM for signal <GND_2_o_GND_2_o_wide_mux_2578_OUT>
    Found 256x8-bit Read Only RAM for signal <GND_2_o_GND_2_o_wide_mux_3828_OUT>
    Found 256x8-bit Read Only RAM for signal <GND_2_o_GND_2_o_wide_mux_3829_OUT>
    Found 256x8-bit Read Only RAM for signal <GND_2_o_GND_2_o_wide_mux_3830_OUT>
    Found 256x8-bit Read Only RAM for signal <GND_2_o_GND_2_o_wide_mux_3831_OUT>
    Found 256x8-bit Read Only RAM for signal <GND_2_o_GND_2_o_wide_mux_3832_OUT>
    Found 256x8-bit Read Only RAM for signal <GND_2_o_GND_2_o_wide_mux_3833_OUT>
    Found 256x8-bit Read Only RAM for signal <GND_2_o_GND_2_o_wide_mux_3834_OUT>
    Found 256x8-bit Read Only RAM for signal <GND_2_o_GND_2_o_wide_mux_3835_OUT>
    Found 256x8-bit Read Only RAM for signal <GND_2_o_GND_2_o_wide_mux_3836_OUT>
    Found 256x8-bit Read Only RAM for signal <GND_2_o_GND_2_o_wide_mux_3837_OUT>
    Found 256x8-bit Read Only RAM for signal <GND_2_o_GND_2_o_wide_mux_3838_OUT>
    Found 256x8-bit Read Only RAM for signal <GND_2_o_GND_2_o_wide_mux_3839_OUT>
    Found 256x8-bit Read Only RAM for signal <GND_2_o_GND_2_o_wide_mux_3840_OUT>
    Found 256x8-bit Read Only RAM for signal <GND_2_o_GND_2_o_wide_mux_3841_OUT>
    Found 256x8-bit Read Only RAM for signal <GND_2_o_GND_2_o_wide_mux_3842_OUT>
    Found 256x8-bit Read Only RAM for signal <GND_2_o_GND_2_o_wide_mux_3843_OUT>
    Found 256x8-bit Read Only RAM for signal <GND_2_o_GND_2_o_wide_mux_5093_OUT>
    Found 256x8-bit Read Only RAM for signal <GND_2_o_GND_2_o_wide_mux_5094_OUT>
    Found 256x8-bit Read Only RAM for signal <GND_2_o_GND_2_o_wide_mux_5095_OUT>
    Found 256x8-bit Read Only RAM for signal <GND_2_o_GND_2_o_wide_mux_5096_OUT>
    Found 256x8-bit Read Only RAM for signal <GND_2_o_GND_2_o_wide_mux_5097_OUT>
    Found 256x8-bit Read Only RAM for signal <GND_2_o_GND_2_o_wide_mux_5098_OUT>
    Found 256x8-bit Read Only RAM for signal <GND_2_o_GND_2_o_wide_mux_5099_OUT>
    Found 256x8-bit Read Only RAM for signal <GND_2_o_GND_2_o_wide_mux_5100_OUT>
    Found 256x8-bit Read Only RAM for signal <GND_2_o_GND_2_o_wide_mux_5101_OUT>
    Found 256x8-bit Read Only RAM for signal <GND_2_o_GND_2_o_wide_mux_5102_OUT>
    Found 256x8-bit Read Only RAM for signal <GND_2_o_GND_2_o_wide_mux_5103_OUT>
    Found 256x8-bit Read Only RAM for signal <GND_2_o_GND_2_o_wide_mux_5104_OUT>
    Found 256x8-bit Read Only RAM for signal <GND_2_o_GND_2_o_wide_mux_5105_OUT>
    Found 256x8-bit Read Only RAM for signal <GND_2_o_GND_2_o_wide_mux_5106_OUT>
    Found 256x8-bit Read Only RAM for signal <GND_2_o_GND_2_o_wide_mux_5107_OUT>
    Found 256x8-bit Read Only RAM for signal <GND_2_o_GND_2_o_wide_mux_5108_OUT>
    Found 256x8-bit Read Only RAM for signal <GND_2_o_GND_2_o_wide_mux_6358_OUT>
    Found 256x8-bit Read Only RAM for signal <GND_2_o_GND_2_o_wide_mux_6359_OUT>
    Found 256x8-bit Read Only RAM for signal <GND_2_o_GND_2_o_wide_mux_6360_OUT>
    Found 256x8-bit Read Only RAM for signal <GND_2_o_GND_2_o_wide_mux_6361_OUT>
    Found 256x8-bit Read Only RAM for signal <GND_2_o_GND_2_o_wide_mux_6362_OUT>
    Found 256x8-bit Read Only RAM for signal <GND_2_o_GND_2_o_wide_mux_6363_OUT>
    Found 256x8-bit Read Only RAM for signal <GND_2_o_GND_2_o_wide_mux_6364_OUT>
    Found 256x8-bit Read Only RAM for signal <GND_2_o_GND_2_o_wide_mux_6365_OUT>
    Found 256x8-bit Read Only RAM for signal <GND_2_o_GND_2_o_wide_mux_6366_OUT>
    Found 256x8-bit Read Only RAM for signal <GND_2_o_GND_2_o_wide_mux_6367_OUT>
    Found 256x8-bit Read Only RAM for signal <GND_2_o_GND_2_o_wide_mux_6368_OUT>
    Found 256x8-bit Read Only RAM for signal <GND_2_o_GND_2_o_wide_mux_6369_OUT>
    Found 256x8-bit Read Only RAM for signal <GND_2_o_GND_2_o_wide_mux_6370_OUT>
    Found 256x8-bit Read Only RAM for signal <GND_2_o_GND_2_o_wide_mux_6371_OUT>
    Found 256x8-bit Read Only RAM for signal <GND_2_o_GND_2_o_wide_mux_6372_OUT>
    Found 256x8-bit Read Only RAM for signal <GND_2_o_GND_2_o_wide_mux_6373_OUT>
    Found 256x8-bit Read Only RAM for signal <GND_2_o_GND_2_o_wide_mux_7623_OUT>
    Found 256x8-bit Read Only RAM for signal <GND_2_o_GND_2_o_wide_mux_7624_OUT>
    Found 256x8-bit Read Only RAM for signal <GND_2_o_GND_2_o_wide_mux_7625_OUT>
    Found 256x8-bit Read Only RAM for signal <GND_2_o_GND_2_o_wide_mux_7626_OUT>
    Found 256x8-bit Read Only RAM for signal <GND_2_o_GND_2_o_wide_mux_7627_OUT>
    Found 256x8-bit Read Only RAM for signal <GND_2_o_GND_2_o_wide_mux_7628_OUT>
    Found 256x8-bit Read Only RAM for signal <GND_2_o_GND_2_o_wide_mux_7629_OUT>
    Found 256x8-bit Read Only RAM for signal <GND_2_o_GND_2_o_wide_mux_7630_OUT>
    Found 256x8-bit Read Only RAM for signal <GND_2_o_GND_2_o_wide_mux_7631_OUT>
    Found 256x8-bit Read Only RAM for signal <GND_2_o_GND_2_o_wide_mux_7632_OUT>
    Found 256x8-bit Read Only RAM for signal <GND_2_o_GND_2_o_wide_mux_7633_OUT>
    Found 256x8-bit Read Only RAM for signal <GND_2_o_GND_2_o_wide_mux_7634_OUT>
    Found 256x8-bit Read Only RAM for signal <GND_2_o_GND_2_o_wide_mux_7635_OUT>
    Found 256x8-bit Read Only RAM for signal <GND_2_o_GND_2_o_wide_mux_7636_OUT>
    Found 256x8-bit Read Only RAM for signal <GND_2_o_GND_2_o_wide_mux_7637_OUT>
    Found 256x8-bit Read Only RAM for signal <GND_2_o_GND_2_o_wide_mux_7638_OUT>
    Found 256x8-bit Read Only RAM for signal <GND_2_o_GND_2_o_wide_mux_8888_OUT>
    Found 256x8-bit Read Only RAM for signal <GND_2_o_GND_2_o_wide_mux_8889_OUT>
    Found 256x8-bit Read Only RAM for signal <GND_2_o_GND_2_o_wide_mux_8890_OUT>
    Found 256x8-bit Read Only RAM for signal <GND_2_o_GND_2_o_wide_mux_8891_OUT>
    Found 256x8-bit Read Only RAM for signal <GND_2_o_GND_2_o_wide_mux_8892_OUT>
    Found 256x8-bit Read Only RAM for signal <GND_2_o_GND_2_o_wide_mux_8893_OUT>
    Found 256x8-bit Read Only RAM for signal <GND_2_o_GND_2_o_wide_mux_8894_OUT>
    Found 256x8-bit Read Only RAM for signal <GND_2_o_GND_2_o_wide_mux_8895_OUT>
    Found 256x8-bit Read Only RAM for signal <GND_2_o_GND_2_o_wide_mux_8896_OUT>
    Found 256x8-bit Read Only RAM for signal <GND_2_o_GND_2_o_wide_mux_8897_OUT>
    Found 256x8-bit Read Only RAM for signal <GND_2_o_GND_2_o_wide_mux_8898_OUT>
    Found 256x8-bit Read Only RAM for signal <GND_2_o_GND_2_o_wide_mux_8899_OUT>
    Found 256x8-bit Read Only RAM for signal <GND_2_o_GND_2_o_wide_mux_8900_OUT>
    Found 256x8-bit Read Only RAM for signal <GND_2_o_GND_2_o_wide_mux_8901_OUT>
    Found 256x8-bit Read Only RAM for signal <GND_2_o_GND_2_o_wide_mux_8902_OUT>
    Found 256x8-bit Read Only RAM for signal <GND_2_o_GND_2_o_wide_mux_8903_OUT>
    Found 256x8-bit Read Only RAM for signal <GND_2_o_GND_2_o_wide_mux_10153_OUT>
    Found 256x8-bit Read Only RAM for signal <GND_2_o_GND_2_o_wide_mux_10154_OUT>
    Found 256x8-bit Read Only RAM for signal <GND_2_o_GND_2_o_wide_mux_10155_OUT>
    Found 256x8-bit Read Only RAM for signal <GND_2_o_GND_2_o_wide_mux_10156_OUT>
    Found 256x8-bit Read Only RAM for signal <GND_2_o_GND_2_o_wide_mux_10157_OUT>
    Found 256x8-bit Read Only RAM for signal <GND_2_o_GND_2_o_wide_mux_10158_OUT>
    Found 256x8-bit Read Only RAM for signal <GND_2_o_GND_2_o_wide_mux_10159_OUT>
    Found 256x8-bit Read Only RAM for signal <GND_2_o_GND_2_o_wide_mux_10160_OUT>
    Found 256x8-bit Read Only RAM for signal <GND_2_o_GND_2_o_wide_mux_10161_OUT>
    Found 256x8-bit Read Only RAM for signal <GND_2_o_GND_2_o_wide_mux_10162_OUT>
    Found 256x8-bit Read Only RAM for signal <GND_2_o_GND_2_o_wide_mux_10163_OUT>
    Found 256x8-bit Read Only RAM for signal <GND_2_o_GND_2_o_wide_mux_10164_OUT>
    Found 256x8-bit Read Only RAM for signal <GND_2_o_GND_2_o_wide_mux_10165_OUT>
    Found 256x8-bit Read Only RAM for signal <GND_2_o_GND_2_o_wide_mux_10166_OUT>
    Found 256x8-bit Read Only RAM for signal <GND_2_o_GND_2_o_wide_mux_10167_OUT>
    Found 256x8-bit Read Only RAM for signal <GND_2_o_GND_2_o_wide_mux_10168_OUT>
    Found 256x8-bit Read Only RAM for signal <GND_2_o_GND_2_o_wide_mux_11418_OUT>
    Found 256x8-bit Read Only RAM for signal <GND_2_o_GND_2_o_wide_mux_11419_OUT>
    Found 256x8-bit Read Only RAM for signal <GND_2_o_GND_2_o_wide_mux_11420_OUT>
    Found 256x8-bit Read Only RAM for signal <GND_2_o_GND_2_o_wide_mux_11421_OUT>
    Found 256x8-bit Read Only RAM for signal <GND_2_o_GND_2_o_wide_mux_11422_OUT>
    Found 256x8-bit Read Only RAM for signal <GND_2_o_GND_2_o_wide_mux_11423_OUT>
    Found 256x8-bit Read Only RAM for signal <GND_2_o_GND_2_o_wide_mux_11424_OUT>
    Found 256x8-bit Read Only RAM for signal <GND_2_o_GND_2_o_wide_mux_11425_OUT>
    Found 256x8-bit Read Only RAM for signal <GND_2_o_GND_2_o_wide_mux_11426_OUT>
    Found 256x8-bit Read Only RAM for signal <GND_2_o_GND_2_o_wide_mux_11427_OUT>
    Found 256x8-bit Read Only RAM for signal <GND_2_o_GND_2_o_wide_mux_11428_OUT>
    Found 256x8-bit Read Only RAM for signal <GND_2_o_GND_2_o_wide_mux_11429_OUT>
    Found 256x8-bit Read Only RAM for signal <GND_2_o_GND_2_o_wide_mux_11430_OUT>
    Found 256x8-bit Read Only RAM for signal <GND_2_o_GND_2_o_wide_mux_11431_OUT>
    Found 256x8-bit Read Only RAM for signal <GND_2_o_GND_2_o_wide_mux_11432_OUT>
    Found 256x8-bit Read Only RAM for signal <GND_2_o_GND_2_o_wide_mux_11433_OUT>
    Found 256x8-bit Read Only RAM for signal <GND_2_o_GND_2_o_wide_mux_12683_OUT>
    Found 256x8-bit Read Only RAM for signal <GND_2_o_GND_2_o_wide_mux_12684_OUT>
    Found 256x8-bit Read Only RAM for signal <GND_2_o_GND_2_o_wide_mux_12685_OUT>
    Found 256x8-bit Read Only RAM for signal <GND_2_o_GND_2_o_wide_mux_12686_OUT>
    Found 256x8-bit Read Only RAM for signal <GND_2_o_GND_2_o_wide_mux_12687_OUT>
    Found 256x8-bit Read Only RAM for signal <GND_2_o_GND_2_o_wide_mux_12688_OUT>
    Found 256x8-bit Read Only RAM for signal <GND_2_o_GND_2_o_wide_mux_12689_OUT>
    Found 256x8-bit Read Only RAM for signal <GND_2_o_GND_2_o_wide_mux_12690_OUT>
    Found 256x8-bit Read Only RAM for signal <GND_2_o_GND_2_o_wide_mux_12691_OUT>
    Found 256x8-bit Read Only RAM for signal <GND_2_o_GND_2_o_wide_mux_12692_OUT>
    Found 256x8-bit Read Only RAM for signal <GND_2_o_GND_2_o_wide_mux_12693_OUT>
    Found 256x8-bit Read Only RAM for signal <GND_2_o_GND_2_o_wide_mux_12694_OUT>
    Found 256x8-bit Read Only RAM for signal <GND_2_o_GND_2_o_wide_mux_12695_OUT>
    Found 256x8-bit Read Only RAM for signal <GND_2_o_GND_2_o_wide_mux_12696_OUT>
    Found 256x8-bit Read Only RAM for signal <GND_2_o_GND_2_o_wide_mux_12697_OUT>
    Found 256x8-bit Read Only RAM for signal <GND_2_o_GND_2_o_wide_mux_12698_OUT>
    Found 4-bit comparator greater for signal <n0095> created at line 382
    Summary:
	inferred 177 RAM(s).
	inferred   1 Adder/Subtractor(s).
	inferred 520 D-type flip-flop(s).
	inferred   1 Comparator(s).
	inferred 4995 Multiplexer(s).
Unit <aes_top> synthesized.

=========================================================================
HDL Synthesis Report

Macro Statistics
# RAMs                                                 : 177
 16x128-bit single-port Read Only RAM                  : 1
 256x8-bit single-port Read Only RAM                   : 176
# Adders/Subtractors                                   : 1
 4-bit adder                                           : 1
# Registers                                            : 9
 1-bit register                                        : 4
 128-bit register                                      : 4
 4-bit register                                        : 1
# Comparators                                          : 1
 4-bit comparator greater                              : 1
# Multiplexers                                         : 4995
 128-bit 2-to-1 multiplexer                            : 1
 16-bit 2-to-1 multiplexer                             : 4992
 4-bit 2-to-1 multiplexer                              : 2
# Xors                                                 : 5933
 128-bit xor2                                          : 13
 16-bit xor2                                           : 5328
 16-bit xor3                                           : 288
 16-bit xor4                                           : 144
 8-bit xor4                                            : 160

=========================================================================

=========================================================================
*                       Advanced HDL Synthesis                          *
=========================================================================

WARNING:Xst:2677 - Node <ciphertext_8> of sequential type is unconnected in block <core>.
WARNING:Xst:2677 - Node <ciphertext_9> of sequential type is unconnected in block <core>.
WARNING:Xst:2677 - Node <ciphertext_10> of sequential type is unconnected in block <core>.
WARNING:Xst:2677 - Node <ciphertext_11> of sequential type is unconnected in block <core>.
WARNING:Xst:2677 - Node <ciphertext_12> of sequential type is unconnected in block <core>.
WARNING:Xst:2677 - Node <ciphertext_13> of sequential type is unconnected in block <core>.
WARNING:Xst:2677 - Node <ciphertext_14> of sequential type is unconnected in block <core>.
WARNING:Xst:2677 - Node <ciphertext_15> of sequential type is unconnected in block <core>.
WARNING:Xst:2677 - Node <ciphertext_16> of sequential type is unconnected in block <core>.
WARNING:Xst:2677 - Node <ciphertext_17> of sequential type is unconnected in block <core>.
WARNING:Xst:2677 - Node <ciphertext_18> of sequential type is unconnected in block <core>.
WARNING:Xst:2677 - Node <ciphertext_19> of sequential type is unconnected in block <core>.
WARNING:Xst:2677 - Node <ciphertext_20> of sequential type is unconnected in block <core>.
WARNING:Xst:2677 - Node <ciphertext_21> of sequential type is unconnected in block <core>.
WARNING:Xst:2677 - Node <ciphertext_22> of sequential type is unconnected in block <core>.
WARNING:Xst:2677 - Node <ciphertext_23> of sequential type is unconnected in block <core>.
WARNING:Xst:2677 - Node <ciphertext_24> of sequential type is unconnected in block <core>.
WARNING:Xst:2677 - Node <ciphertext_25> of sequential type is unconnected in block <core>.
WARNING:Xst:2677 - Node <ciphertext_26> of sequential type is unconnected in block <core>.
WARNING:Xst:2677 - Node <ciphertext_27> of sequential type is unconnected in block <core>.
WARNING:Xst:2677 - Node <ciphertext_28> of sequential type is unconnected in block <core>.
WARNING:Xst:2677 - Node <ciphertext_29> of sequential type is unconnected in block <core>.
WARNING:Xst:2677 - Node <ciphertext_30> of sequential type is unconnected in block <core>.
WARNING:Xst:2677 - Node <ciphertext_31> of sequential type is unconnected in block <core>.
WARNING:Xst:2677 - Node <ciphertext_32> of sequential type is unconnected in block <core>.
WARNING:Xst:2677 - Node <ciphertext_33> of sequential type is unconnected in block <core>.
WARNING:Xst:2677 - Node <ciphertext_34> of sequential type is unconnected in block <core>.
WARNING:Xst:2677 - Node <ciphertext_35> of sequential type is unconnected in block <core>.
WARNING:Xst:2677 - Node <ciphertext_36> of sequential type is unconnected in block <core>.
WARNING:Xst:2677 - Node <ciphertext_37> of sequential type is unconnected in block <core>.
WARNING:Xst:2677 - Node <ciphertext_38> of sequential type is unconnected in block <core>.
WARNING:Xst:2677 - Node <ciphertext_39> of sequential type is unconnected in block <core>.
WARNING:Xst:2677 - Node <ciphertext_40> of sequential type is unconnected in block <core>.
WARNING:Xst:2677 - Node <ciphertext_41> of sequential type is unconnected in block <core>.
WARNING:Xst:2677 - Node <ciphertext_42> of sequential type is unconnected in block <core>.
WARNING:Xst:2677 - Node <ciphertext_43> of sequential type is unconnected in block <core>.
WARNING:Xst:2677 - Node <ciphertext_44> of sequential type is unconnected in block <core>.
WARNING:Xst:2677 - Node <ciphertext_45> of sequential type is unconnected in block <core>.
WARNING:Xst:2677 - Node <ciphertext_46> of sequential type is unconnected in block <core>.
WARNING:Xst:2677 - Node <ciphertext_47> of sequential type is unconnected in block <core>.
WARNING:Xst:2677 - Node <ciphertext_48> of sequential type is unconnected in block <core>.
WARNING:Xst:2677 - Node <ciphertext_49> of sequential type is unconnected in block <core>.
WARNING:Xst:2677 - Node <ciphertext_50> of sequential type is unconnected in block <core>.
WARNING:Xst:2677 - Node <ciphertext_51> of sequential type is unconnected in block <core>.
WARNING:Xst:2677 - Node <ciphertext_52> of sequential type is unconnected in block <core>.
WARNING:Xst:2677 - Node <ciphertext_53> of sequential type is unconnected in block <core>.
WARNING:Xst:2677 - Node <ciphertext_54> of sequential type is unconnected in block <core>.
WARNING:Xst:2677 - Node <ciphertext_55> of sequential type is unconnected in block <core>.
WARNING:Xst:2677 - Node <ciphertext_56> of sequential type is unconnected in block <core>.
WARNING:Xst:2677 - Node <ciphertext_57> of sequential type is unconnected in block <core>.
WARNING:Xst:2677 - Node <ciphertext_58> of sequential type is unconnected in block <core>.
WARNING:Xst:2677 - Node <ciphertext_59> of sequential type is unconnected in block <core>.
WARNING:Xst:2677 - Node <ciphertext_60> of sequential type is unconnected in block <core>.
WARNING:Xst:2677 - Node <ciphertext_61> of sequential type is unconnected in block <core>.
WARNING:Xst:2677 - Node <ciphertext_62> of sequential type is unconnected in block <core>.
WARNING:Xst:2677 - Node <ciphertext_63> of sequential type is unconnected in block <core>.
WARNING:Xst:2677 - Node <ciphertext_64> of sequential type is unconnected in block <core>.
WARNING:Xst:2677 - Node <ciphertext_65> of sequential type is unconnected in block <core>.
WARNING:Xst:2677 - Node <ciphertext_66> of sequential type is unconnected in block <core>.
WARNING:Xst:2677 - Node <ciphertext_67> of sequential type is unconnected in block <core>.
WARNING:Xst:2677 - Node <ciphertext_68> of sequential type is unconnected in block <core>.
WARNING:Xst:2677 - Node <ciphertext_69> of sequential type is unconnected in block <core>.
WARNING:Xst:2677 - Node <ciphertext_70> of sequential type is unconnected in block <core>.
WARNING:Xst:2677 - Node <ciphertext_71> of sequential type is unconnected in block <core>.
WARNING:Xst:2677 - Node <ciphertext_72> of sequential type is unconnected in block <core>.
WARNING:Xst:2677 - Node <ciphertext_73> of sequential type is unconnected in block <core>.
WARNING:Xst:2677 - Node <ciphertext_74> of sequential type is unconnected in block <core>.
WARNING:Xst:2677 - Node <ciphertext_75> of sequential type is unconnected in block <core>.
WARNING:Xst:2677 - Node <ciphertext_76> of sequential type is unconnected in block <core>.
WARNING:Xst:2677 - Node <ciphertext_77> of sequential type is unconnected in block <core>.
WARNING:Xst:2677 - Node <ciphertext_78> of sequential type is unconnected in block <core>.
WARNING:Xst:2677 - Node <ciphertext_79> of sequential type is unconnected in block <core>.
WARNING:Xst:2677 - Node <ciphertext_80> of sequential type is unconnected in block <core>.
WARNING:Xst:2677 - Node <ciphertext_81> of sequential type is unconnected in block <core>.
WARNING:Xst:2677 - Node <ciphertext_82> of sequential type is unconnected in block <core>.
WARNING:Xst:2677 - Node <ciphertext_83> of sequential type is unconnected in block <core>.
WARNING:Xst:2677 - Node <ciphertext_84> of sequential type is unconnected in block <core>.
WARNING:Xst:2677 - Node <ciphertext_85> of sequential type is unconnected in block <core>.
WARNING:Xst:2677 - Node <ciphertext_86> of sequential type is unconnected in block <core>.
WARNING:Xst:2677 - Node <ciphertext_87> of sequential type is unconnected in block <core>.
WARNING:Xst:2677 - Node <ciphertext_88> of sequential type is unconnected in block <core>.
WARNING:Xst:2677 - Node <ciphertext_89> of sequential type is unconnected in block <core>.
WARNING:Xst:2677 - Node <ciphertext_90> of sequential type is unconnected in block <core>.
WARNING:Xst:2677 - Node <ciphertext_91> of sequential type is unconnected in block <core>.
WARNING:Xst:2677 - Node <ciphertext_92> of sequential type is unconnected in block <core>.
WARNING:Xst:2677 - Node <ciphertext_93> of sequential type is unconnected in block <core>.
WARNING:Xst:2677 - Node <ciphertext_94> of sequential type is unconnected in block <core>.
WARNING:Xst:2677 - Node <ciphertext_95> of sequential type is unconnected in block <core>.
WARNING:Xst:2677 - Node <ciphertext_96> of sequential type is unconnected in block <core>.
WARNING:Xst:2677 - Node <ciphertext_97> of sequential type is unconnected in block <core>.
WARNING:Xst:2677 - Node <ciphertext_98> of sequential type is unconnected in block <core>.
WARNING:Xst:2677 - Node <ciphertext_99> of sequential type is unconnected in block <core>.
WARNING:Xst:2677 - Node <ciphertext_100> of sequential type is unconnected in block <core>.
WARNING:Xst:2677 - Node <ciphertext_101> of sequential type is unconnected in block <core>.
WARNING:Xst:2677 - Node <ciphertext_102> of sequential type is unconnected in block <core>.
WARNING:Xst:2677 - Node <ciphertext_103> of sequential type is unconnected in block <core>.
WARNING:Xst:2677 - Node <ciphertext_104> of sequential type is unconnected in block <core>.
WARNING:Xst:2677 - Node <ciphertext_105> of sequential type is unconnected in block <core>.
WARNING:Xst:2677 - Node <ciphertext_106> of sequential type is unconnected in block <core>.
WARNING:Xst:2677 - Node <ciphertext_107> of sequential type is unconnected in block <core>.
WARNING:Xst:2677 - Node <ciphertext_108> of sequential type is unconnected in block <core>.
WARNING:Xst:2677 - Node <ciphertext_109> of sequential type is unconnected in block <core>.
WARNING:Xst:2677 - Node <ciphertext_110> of sequential type is unconnected in block <core>.
WARNING:Xst:2677 - Node <ciphertext_111> of sequential type is unconnected in block <core>.
WARNING:Xst:2677 - Node <ciphertext_112> of sequential type is unconnected in block <core>.
WARNING:Xst:2677 - Node <ciphertext_113> of sequential type is unconnected in block <core>.
WARNING:Xst:2677 - Node <ciphertext_114> of sequential type is unconnected in block <core>.
WARNING:Xst:2677 - Node <ciphertext_115> of sequential type is unconnected in block <core>.
WARNING:Xst:2677 - Node <ciphertext_116> of sequential type is unconnected in block <core>.
WARNING:Xst:2677 - Node <ciphertext_117> of sequential type is unconnected in block <core>.
WARNING:Xst:2677 - Node <ciphertext_118> of sequential type is unconnected in block <core>.
WARNING:Xst:2677 - Node <ciphertext_119> of sequential type is unconnected in block <core>.
WARNING:Xst:2677 - Node <ciphertext_120> of sequential type is unconnected in block <core>.
WARNING:Xst:2677 - Node <ciphertext_121> of sequential type is unconnected in block <core>.
WARNING:Xst:2677 - Node <ciphertext_122> of sequential type is unconnected in block <core>.
WARNING:Xst:2677 - Node <ciphertext_123> of sequential type is unconnected in block <core>.
WARNING:Xst:2677 - Node <ciphertext_124> of sequential type is unconnected in block <core>.
WARNING:Xst:2677 - Node <ciphertext_125> of sequential type is unconnected in block <core>.
WARNING:Xst:2677 - Node <ciphertext_126> of sequential type is unconnected in block <core>.
WARNING:Xst:2677 - Node <ciphertext_127> of sequential type is unconnected in block <core>.

Synthesizing (advanced) Unit <aes_top>.
INFO:Xst:3218 - HDL ADVISOR - The RAM <Mram_state[127]_GND_2_o_wide_mux_94_OUT> will be implemented on LUTs either because you have described an asynchronous read or because of currently unsupported block RAM features. If you have described an asynchronous read, making it synchronous would allow you to take advantage of available block RAM resources, for optimized device usage and improved timings. Please refer to your documentation for coding guidelines.
    -----------------------------------------------------------------------
    | ram_type           | Distributed                         |          |
    -----------------------------------------------------------------------
    | Port A                                                              |
    |     aspect ratio   | 256-word x 8-bit                    |          |
    |     weA            | connected to signal <GND>           | high     |
    |     addrA          | connected to signal <state<127:120>> |          |
    |     diA            | connected to signal <GND>           |          |
    |     doA            | connected to internal node          |          |
    -----------------------------------------------------------------------
INFO:Xst:3218 - HDL ADVISOR - The RAM <Mram_state[119]_GND_2_o_wide_mux_95_OUT> will be implemented on LUTs either because you have described an asynchronous read or because of currently unsupported block RAM features. If you have described an asynchronous read, making it synchronous would allow you to take advantage of available block RAM resources, for optimized device usage and improved timings. Please refer to your documentation for coding guidelines.
    -----------------------------------------------------------------------
    | ram_type           | Distributed                         |          |
    -----------------------------------------------------------------------
    | Port A                                                              |
    |     aspect ratio   | 256-word x 8-bit                    |          |
    |     weA            | connected to signal <GND>           | high     |
    |     addrA          | connected to signal <state<119:112>> |          |
    |     diA            | connected to signal <GND>           |          |
    |     doA            | connected to internal node          |          |
    -----------------------------------------------------------------------
INFO:Xst:3218 - HDL ADVISOR - The RAM <Mram_state[111]_GND_2_o_wide_mux_96_OUT> will be implemented on LUTs either because you have described an asynchronous read or because of currently unsupported block RAM features. If you have described an asynchronous read, making it synchronous would allow you to take advantage of available block RAM resources, for optimized device usage and improved timings. Please refer to your documentation for coding guidelines.
    -----------------------------------------------------------------------
    | ram_type           | Distributed                         |          |
    -----------------------------------------------------------------------
    | Port A                                                              |
    |     aspect ratio   | 256-word x 8-bit                    |          |
    |     weA            | connected to signal <GND>           | high     |
    |     addrA          | connected to signal <state<111:104>> |          |
    |     diA            | connected to signal <GND>           |          |
    |     doA            | connected to internal node          |          |
    -----------------------------------------------------------------------
INFO:Xst:3218 - HDL ADVISOR - The RAM <Mram_state[103]_GND_2_o_wide_mux_97_OUT> will be implemented on LUTs either because you have described an asynchronous read or because of currently unsupported block RAM features. If you have described an asynchronous read, making it synchronous would allow you to take advantage of available block RAM resources, for optimized device usage and improved timings. Please refer to your documentation for coding guidelines.
    -----------------------------------------------------------------------
    | ram_type           | Distributed                         |          |
    -----------------------------------------------------------------------
    | Port A                                                              |
    |     aspect ratio   | 256-word x 8-bit                    |          |
    |     weA            | connected to signal <GND>           | high     |
    |     addrA          | connected to signal <state<103:96>> |          |
    |     diA            | connected to signal <GND>           |          |
    |     doA            | connected to internal node          |          |
    -----------------------------------------------------------------------
INFO:Xst:3218 - HDL ADVISOR - The RAM <Mram_state[95]_GND_2_o_wide_mux_98_OUT> will be implemented on LUTs either because you have described an asynchronous read or because of currently unsupported block RAM features. If you have described an asynchronous read, making it synchronous would allow you to take advantage of available block RAM resources, for optimized device usage and improved timings. Please refer to your documentation for coding guidelines.
    -----------------------------------------------------------------------
    | ram_type           | Distributed                         |          |
    -----------------------------------------------------------------------
    | Port A                                                              |
    |     aspect ratio   | 256-word x 8-bit                    |          |
    |     weA            | connected to signal <GND>           | high     |
    |     addrA          | connected to signal <state<95:88>>  |          |
    |     diA            | connected to signal <GND>           |          |
    |     doA            | connected to internal node          |          |
    -----------------------------------------------------------------------
INFO:Xst:3218 - HDL ADVISOR - The RAM <Mram_state[87]_GND_2_o_wide_mux_99_OUT> will be implemented on LUTs either because you have described an asynchronous read or because of currently unsupported block RAM features. If you have described an asynchronous read, making it synchronous would allow you to take advantage of available block RAM resources, for optimized device usage and improved timings. Please refer to your documentation for coding guidelines.
    -----------------------------------------------------------------------
    | ram_type           | Distributed                         |          |
    -----------------------------------------------------------------------
    | Port A                                                              |
    |     aspect ratio   | 256-word x 8-bit                    |          |
    |     weA            | connected to signal <GND>           | high     |
    |     addrA          | connected to signal <state<87:80>>  |          |
    |     diA            | connected to signal <GND>           |          |
    |     doA            | connected to internal node          |          |
    -----------------------------------------------------------------------
INFO:Xst:3218 - HDL ADVISOR - The RAM <Mram_state[79]_GND_2_o_wide_mux_100_OUT> will be implemented on LUTs either because you have described an asynchronous read or because of currently unsupported block RAM features. If you have described an asynchronous read, making it synchronous would allow you to take advantage of available block RAM resources, for optimized device usage and improved timings. Please refer to your documentation for coding guidelines.
    -----------------------------------------------------------------------
    | ram_type           | Distributed                         |          |
    -----------------------------------------------------------------------
    | Port A                                                              |
    |     aspect ratio   | 256-word x 8-bit                    |          |
    |     weA            | connected to signal <GND>           | high     |
    |     addrA          | connected to signal <state<79:72>>  |          |
    |     diA            | connected to signal <GND>           |          |
    |     doA            | connected to internal node          |          |
    -----------------------------------------------------------------------
INFO:Xst:3218 - HDL ADVISOR - The RAM <Mram_state[71]_GND_2_o_wide_mux_101_OUT> will be implemented on LUTs either because you have described an asynchronous read or because of currently unsupported block RAM features. If you have described an asynchronous read, making it synchronous would allow you to take advantage of available block RAM resources, for optimized device usage and improved timings. Please refer to your documentation for coding guidelines.
    -----------------------------------------------------------------------
    | ram_type           | Distributed                         |          |
    -----------------------------------------------------------------------
    | Port A                                                              |
    |     aspect ratio   | 256-word x 8-bit                    |          |
    |     weA            | connected to signal <GND>           | high     |
    |     addrA          | connected to signal <state<71:64>>  |          |
    |     diA            | connected to signal <GND>           |          |
    |     doA            | connected to internal node          |          |
    -----------------------------------------------------------------------
INFO:Xst:3218 - HDL ADVISOR - The RAM <Mram_state[63]_GND_2_o_wide_mux_102_OUT> will be implemented on LUTs either because you have described an asynchronous read or because of currently unsupported block RAM features. If you have described an asynchronous read, making it synchronous would allow you to take advantage of available block RAM resources, for optimized device usage and improved timings. Please refer to your documentation for coding guidelines.
    -----------------------------------------------------------------------
    | ram_type           | Distributed                         |          |
    -----------------------------------------------------------------------
    | Port A                                                              |
    |     aspect ratio   | 256-word x 8-bit                    |          |
    |     weA            | connected to signal <GND>           | high     |
    |     addrA          | connected to signal <state<63:56>>  |          |
    |     diA            | connected to signal <GND>           |          |
    |     doA            | connected to internal node          |          |
    -----------------------------------------------------------------------
INFO:Xst:3218 - HDL ADVISOR - The RAM <Mram_state[55]_GND_2_o_wide_mux_103_OUT> will be implemented on LUTs either because you have described an asynchronous read or because of currently unsupported block RAM features. If you have described an asynchronous read, making it synchronous would allow you to take advantage of available block RAM resources, for optimized device usage and improved timings. Please refer to your documentation for coding guidelines.
    -----------------------------------------------------------------------
    | ram_type           | Distributed                         |          |
    -----------------------------------------------------------------------
    | Port A                                                              |
    |     aspect ratio   | 256-word x 8-bit                    |          |
    |     weA            | connected to signal <GND>           | high     |
    |     addrA          | connected to signal <state<55:48>>  |          |
    |     diA            | connected to signal <GND>           |          |
    |     doA            | connected to internal node          |          |
    -----------------------------------------------------------------------
INFO:Xst:3218 - HDL ADVISOR - The RAM <Mram_state[47]_GND_2_o_wide_mux_104_OUT> will be implemented on LUTs either because you have described an asynchronous read or because of currently unsupported block RAM features. If you have described an asynchronous read, making it synchronous would allow you to take advantage of available block RAM resources, for optimized device usage and improved timings. Please refer to your documentation for coding guidelines.
    -----------------------------------------------------------------------
    | ram_type           | Distributed                         |          |
    -----------------------------------------------------------------------
    | Port A                                                              |
    |     aspect ratio   | 256-word x 8-bit                    |          |
    |     weA            | connected to signal <GND>           | high     |
    |     addrA          | connected to signal <state<47:40>>  |          |
    |     diA            | connected to signal <GND>           |          |
    |     doA            | connected to internal node          |          |
    -----------------------------------------------------------------------
INFO:Xst:3218 - HDL ADVISOR - The RAM <Mram_state[39]_GND_2_o_wide_mux_105_OUT> will be implemented on LUTs either because you have described an asynchronous read or because of currently unsupported block RAM features. If you have described an asynchronous read, making it synchronous would allow you to take advantage of available block RAM resources, for optimized device usage and improved timings. Please refer to your documentation for coding guidelines.
    -----------------------------------------------------------------------
    | ram_type           | Distributed                         |          |
    -----------------------------------------------------------------------
    | Port A                                                              |
    |     aspect ratio   | 256-word x 8-bit                    |          |
    |     weA            | connected to signal <GND>           | high     |
    |     addrA          | connected to signal <state<39:32>>  |          |
    |     diA            | connected to signal <GND>           |          |
    |     doA            | connected to internal node          |          |
    -----------------------------------------------------------------------
INFO:Xst:3218 - HDL ADVISOR - The RAM <Mram_state[31]_GND_2_o_wide_mux_106_OUT> will be implemented on LUTs either because you have described an asynchronous read or because of currently unsupported block RAM features. If you have described an asynchronous read, making it synchronous would allow you to take advantage of available block RAM resources, for optimized device usage and improved timings. Please refer to your documentation for coding guidelines.
    -----------------------------------------------------------------------
    | ram_type           | Distributed                         |          |
    -----------------------------------------------------------------------
    | Port A                                                              |
    |     aspect ratio   | 256-word x 8-bit                    |          |
    |     weA            | connected to signal <GND>           | high     |
    |     addrA          | connected to signal <state<31:24>>  |          |
    |     diA            | connected to signal <GND>           |          |
    |     doA            | connected to internal node          |          |
    -----------------------------------------------------------------------
INFO:Xst:3218 - HDL ADVISOR - The RAM <Mram_state[23]_GND_2_o_wide_mux_107_OUT> will be implemented on LUTs either because you have described an asynchronous read or because of currently unsupported block RAM features. If you have described an asynchronous read, making it synchronous would allow you to take advantage of available block RAM resources, for optimized device usage and improved timings. Please refer to your documentation for coding guidelines.
    -----------------------------------------------------------------------
    | ram_type           | Distributed                         |          |
    -----------------------------------------------------------------------
    | Port A                                                              |
    |     aspect ratio   | 256-word x 8-bit                    |          |
    |     weA            | connected to signal <GND>           | high     |
    |     addrA          | connected to signal <state<23:16>>  |          |
    |     diA            | connected to signal <GND>           |          |
    |     doA            | connected to internal node          |          |
    -----------------------------------------------------------------------
INFO:Xst:3218 - HDL ADVISOR - The RAM <Mram_state[15]_GND_2_o_wide_mux_108_OUT> will be implemented on LUTs either because you have described an asynchronous read or because of currently unsupported block RAM features. If you have described an asynchronous read, making it synchronous would allow you to take advantage of available block RAM resources, for optimized device usage and improved timings. Please refer to your documentation for coding guidelines.
    -----------------------------------------------------------------------
    | ram_type           | Distributed                         |          |
    -----------------------------------------------------------------------
    | Port A                                                              |
    |     aspect ratio   | 256-word x 8-bit                    |          |
    |     weA            | connected to signal <GND>           | high     |
    |     addrA          | connected to signal <state<15:8>>   |          |
    |     diA            | connected to signal <GND>           |          |
    |     doA            | connected to internal node          |          |
    -----------------------------------------------------------------------
INFO:Xst:3218 - HDL ADVISOR - The RAM <Mram_state[7]_GND_2_o_wide_mux_109_OUT> will be implemented on LUTs either because you have described an asynchronous read or because of currently unsupported block RAM features. If you have described an asynchronous read, making it synchronous would allow you to take advantage of available block RAM resources, for optimized device usage and improved timings. Please refer to your documentation for coding guidelines.
    -----------------------------------------------------------------------
    | ram_type           | Distributed                         |          |
    -----------------------------------------------------------------------
    | Port A                                                              |
    |     aspect ratio   | 256-word x 8-bit                    |          |
    |     weA            | connected to signal <GND>           | high     |
    |     addrA          | connected to signal <state<7:0>>    |          |
    |     diA            | connected to signal <GND>           |          |
    |     doA            | connected to internal node          |          |
    -----------------------------------------------------------------------
INFO:Xst:3218 - HDL ADVISOR - The RAM <Mram_round_enc[3]_X_2_o_wide_mux_1262_OUT> will be implemented on LUTs either because you have described an asynchronous read or because of currently unsupported block RAM features. If you have described an asynchronous read, making it synchronous would allow you to take advantage of available block RAM resources, for optimized device usage and improved timings. Please refer to your documentation for coding guidelines.
    -----------------------------------------------------------------------
    | ram_type           | Distributed                         |          |
    -----------------------------------------------------------------------
    | Port A                                                              |
    |     aspect ratio   | 16-word x 128-bit                   |          |
    |     weA            | connected to signal <GND>           | high     |
    |     addrA          | connected to signal <round_enc>     |          |
    |     diA            | connected to signal <GND>           |          |
    |     doA            | connected to internal node          |          |
    -----------------------------------------------------------------------
INFO:Xst:3218 - HDL ADVISOR - The RAM <Mram_ciphertext[127]_GND_2_o_wide_mux_1298_OUT> will be implemented on LUTs either because you have described an asynchronous read or because of currently unsupported block RAM features. If you have described an asynchronous read, making it synchronous would allow you to take advantage of available block RAM resources, for optimized device usage and improved timings. Please refer to your documentation for coding guidelines.
    -----------------------------------------------------------------------
    | ram_type           | Distributed                         |          |
    -----------------------------------------------------------------------
    | Port A                                                              |
    |     aspect ratio   | 256-word x 8-bit                    |          |
    |     weA            | connected to signal <GND>           | high     |
    |     addrA          | connected to signal <ciphertext[127]_roundkey[10][127]_xor_1297_OUT<127:120>> |          |
    |     diA            | connected to signal <GND>           |          |
    |     doA            | connected to internal node          |          |
    -----------------------------------------------------------------------
INFO:Xst:3218 - HDL ADVISOR - The RAM <Mram_ciphertext[127]_GND_2_o_wide_mux_1299_OUT> will be implemented on LUTs either because you have described an asynchronous read or because of currently unsupported block RAM features. If you have described an asynchronous read, making it synchronous would allow you to take advantage of available block RAM resources, for optimized device usage and improved timings. Please refer to your documentation for coding guidelines.
    -----------------------------------------------------------------------
    | ram_type           | Distributed                         |          |
    -----------------------------------------------------------------------
    | Port A                                                              |
    |     aspect ratio   | 256-word x 8-bit                    |          |
    |     weA            | connected to signal <GND>           | high     |
    |     addrA          | connected to signal <ciphertext[127]_roundkey[10][127]_xor_1297_OUT<23:16>> |          |
    |     diA            | connected to signal <GND>           |          |
    |     doA            | connected to internal node          |          |
    -----------------------------------------------------------------------
INFO:Xst:3218 - HDL ADVISOR - The RAM <Mram_ciphertext[127]_GND_2_o_wide_mux_1300_OUT> will be implemented on LUTs either because you have described an asynchronous read or because of currently unsupported block RAM features. If you have described an asynchronous read, making it synchronous would allow you to take advantage of available block RAM resources, for optimized device usage and improved timings. Please refer to your documentation for coding guidelines.
    -----------------------------------------------------------------------
    | ram_type           | Distributed                         |          |
    -----------------------------------------------------------------------
    | Port A                                                              |
    |     aspect ratio   | 256-word x 8-bit                    |          |
    |     weA            | connected to signal <GND>           | high     |
    |     addrA          | connected to signal <ciphertext[127]_roundkey[10][127]_xor_1297_OUT<47:40>> |          |
    |     diA            | connected to signal <GND>           |          |
    |     doA            | connected to internal node          |          |
    -----------------------------------------------------------------------
INFO:Xst:3218 - HDL ADVISOR - The RAM <Mram_ciphertext[127]_GND_2_o_wide_mux_1301_OUT> will be implemented on LUTs either because you have described an asynchronous read or because of currently unsupported block RAM features. If you have described an asynchronous read, making it synchronous would allow you to take advantage of available block RAM resources, for optimized device usage and improved timings. Please refer to your documentation for coding guidelines.
    -----------------------------------------------------------------------
    | ram_type           | Distributed                         |          |
    -----------------------------------------------------------------------
    | Port A                                                              |
    |     aspect ratio   | 256-word x 8-bit                    |          |
    |     weA            | connected to signal <GND>           | high     |
    |     addrA          | connected to signal <ciphertext[127]_roundkey[10][127]_xor_1297_OUT<71:64>> |          |
    |     diA            | connected to signal <GND>           |          |
    |     doA            | connected to internal node          |          |
    -----------------------------------------------------------------------
INFO:Xst:3218 - HDL ADVISOR - The RAM <Mram_ciphertext[127]_GND_2_o_wide_mux_1302_OUT> will be implemented on LUTs either because you have described an asynchronous read or because of currently unsupported block RAM features. If you have described an asynchronous read, making it synchronous would allow you to take advantage of available block RAM resources, for optimized device usage and improved timings. Please refer to your documentation for coding guidelines.
    -----------------------------------------------------------------------
    | ram_type           | Distributed                         |          |
    -----------------------------------------------------------------------
    | Port A                                                              |
    |     aspect ratio   | 256-word x 8-bit                    |          |
    |     weA            | connected to signal <GND>           | high     |
    |     addrA          | connected to signal <ciphertext[127]_roundkey[10][127]_xor_1297_OUT<95:88>> |          |
    |     diA            | connected to signal <GND>           |          |
    |     doA            | connected to internal node          |          |
    -----------------------------------------------------------------------
INFO:Xst:3218 - HDL ADVISOR - The RAM <Mram_ciphertext[127]_GND_2_o_wide_mux_1303_OUT> will be implemented on LUTs either because you have described an asynchronous read or because of currently unsupported block RAM features. If you have described an asynchronous read, making it synchronous would allow you to take advantage of available block RAM resources, for optimized device usage and improved timings. Please refer to your documentation for coding guidelines.
    -----------------------------------------------------------------------
    | ram_type           | Distributed                         |          |
    -----------------------------------------------------------------------
    | Port A                                                              |
    |     aspect ratio   | 256-word x 8-bit                    |          |
    |     weA            | connected to signal <GND>           | high     |
    |     addrA          | connected to signal <ciphertext[127]_roundkey[10][127]_xor_1297_OUT<119:112>> |          |
    |     diA            | connected to signal <GND>           |          |
    |     doA            | connected to internal node          |          |
    -----------------------------------------------------------------------
INFO:Xst:3218 - HDL ADVISOR - The RAM <Mram_ciphertext[127]_GND_2_o_wide_mux_1304_OUT> will be implemented on LUTs either because you have described an asynchronous read or because of currently unsupported block RAM features. If you have described an asynchronous read, making it synchronous would allow you to take advantage of available block RAM resources, for optimized device usage and improved timings. Please refer to your documentation for coding guidelines.
    -----------------------------------------------------------------------
    | ram_type           | Distributed                         |          |
    -----------------------------------------------------------------------
    | Port A                                                              |
    |     aspect ratio   | 256-word x 8-bit                    |          |
    |     weA            | connected to signal <GND>           | high     |
    |     addrA          | connected to signal <ciphertext[127]_roundkey[10][127]_xor_1297_OUT<15:8>> |          |
    |     diA            | connected to signal <GND>           |          |
    |     doA            | connected to internal node          |          |
    -----------------------------------------------------------------------
INFO:Xst:3218 - HDL ADVISOR - The RAM <Mram_ciphertext[127]_GND_2_o_wide_mux_1305_OUT> will be implemented on LUTs either because you have described an asynchronous read or because of currently unsupported block RAM features. If you have described an asynchronous read, making it synchronous would allow you to take advantage of available block RAM resources, for optimized device usage and improved timings. Please refer to your documentation for coding guidelines.
    -----------------------------------------------------------------------
    | ram_type           | Distributed                         |          |
    -----------------------------------------------------------------------
    | Port A                                                              |
    |     aspect ratio   | 256-word x 8-bit                    |          |
    |     weA            | connected to signal <GND>           | high     |
    |     addrA          | connected to signal <ciphertext[127]_roundkey[10][127]_xor_1297_OUT<39:32>> |          |
    |     diA            | connected to signal <GND>           |          |
    |     doA            | connected to internal node          |          |
    -----------------------------------------------------------------------
INFO:Xst:3218 - HDL ADVISOR - The RAM <Mram_ciphertext[127]_GND_2_o_wide_mux_1306_OUT> will be implemented on LUTs either because you have described an asynchronous read or because of currently unsupported block RAM features. If you have described an asynchronous read, making it synchronous would allow you to take advantage of available block RAM resources, for optimized device usage and improved timings. Please refer to your documentation for coding guidelines.
    -----------------------------------------------------------------------
    | ram_type           | Distributed                         |          |
    -----------------------------------------------------------------------
    | Port A                                                              |
    |     aspect ratio   | 256-word x 8-bit                    |          |
    |     weA            | connected to signal <GND>           | high     |
    |     addrA          | connected to signal <ciphertext[127]_roundkey[10][127]_xor_1297_OUT<63:56>> |          |
    |     diA            | connected to signal <GND>           |          |
    |     doA            | connected to internal node          |          |
    -----------------------------------------------------------------------
INFO:Xst:3218 - HDL ADVISOR - The RAM <Mram_ciphertext[127]_GND_2_o_wide_mux_1307_OUT> will be implemented on LUTs either because you have described an asynchronous read or because of currently unsupported block RAM features. If you have described an asynchronous read, making it synchronous would allow you to take advantage of available block RAM resources, for optimized device usage and improved timings. Please refer to your documentation for coding guidelines.
    -----------------------------------------------------------------------
    | ram_type           | Distributed                         |          |
    -----------------------------------------------------------------------
    | Port A                                                              |
    |     aspect ratio   | 256-word x 8-bit                    |          |
    |     weA            | connected to signal <GND>           | high     |
    |     addrA          | connected to signal <ciphertext[127]_roundkey[10][127]_xor_1297_OUT<87:80>> |          |
    |     diA            | connected to signal <GND>           |          |
    |     doA            | connected to internal node          |          |
    -----------------------------------------------------------------------
INFO:Xst:3218 - HDL ADVISOR - The RAM <Mram_ciphertext[127]_GND_2_o_wide_mux_1308_OUT> will be implemented on LUTs either because you have described an asynchronous read or because of currently unsupported block RAM features. If you have described an asynchronous read, making it synchronous would allow you to take advantage of available block RAM resources, for optimized device usage and improved timings. Please refer to your documentation for coding guidelines.
    -----------------------------------------------------------------------
    | ram_type           | Distributed                         |          |
    -----------------------------------------------------------------------
    | Port A                                                              |
    |     aspect ratio   | 256-word x 8-bit                    |          |
    |     weA            | connected to signal <GND>           | high     |
    |     addrA          | connected to signal <ciphertext[127]_roundkey[10][127]_xor_1297_OUT<111:104>> |          |
    |     diA            | connected to signal <GND>           |          |
    |     doA            | connected to internal node          |          |
    -----------------------------------------------------------------------
INFO:Xst:3218 - HDL ADVISOR - The RAM <Mram_ciphertext[127]_GND_2_o_wide_mux_1309_OUT> will be implemented on LUTs either because you have described an asynchronous read or because of currently unsupported block RAM features. If you have described an asynchronous read, making it synchronous would allow you to take advantage of available block RAM resources, for optimized device usage and improved timings. Please refer to your documentation for coding guidelines.
    -----------------------------------------------------------------------
    | ram_type           | Distributed                         |          |
    -----------------------------------------------------------------------
    | Port A                                                              |
    |     aspect ratio   | 256-word x 8-bit                    |          |
    |     weA            | connected to signal <GND>           | high     |
    |     addrA          | connected to signal <ciphertext[127]_roundkey[10][127]_xor_1297_OUT<7:0>> |          |
    |     diA            | connected to signal <GND>           |          |
    |     doA            | connected to internal node          |          |
    -----------------------------------------------------------------------
INFO:Xst:3218 - HDL ADVISOR - The RAM <Mram_ciphertext[127]_GND_2_o_wide_mux_1310_OUT> will be implemented on LUTs either because you have described an asynchronous read or because of currently unsupported block RAM features. If you have described an asynchronous read, making it synchronous would allow you to take advantage of available block RAM resources, for optimized device usage and improved timings. Please refer to your documentation for coding guidelines.
    -----------------------------------------------------------------------
    | ram_type           | Distributed                         |          |
    -----------------------------------------------------------------------
    | Port A                                                              |
    |     aspect ratio   | 256-word x 8-bit                    |          |
    |     weA            | connected to signal <GND>           | high     |
    |     addrA          | connected to signal <ciphertext[127]_roundkey[10][127]_xor_1297_OUT<31:24>> |          |
    |     diA            | connected to signal <GND>           |          |
    |     doA            | connected to internal node          |          |
    -----------------------------------------------------------------------
INFO:Xst:3218 - HDL ADVISOR - The RAM <Mram_ciphertext[127]_GND_2_o_wide_mux_1311_OUT> will be implemented on LUTs either because you have described an asynchronous read or because of currently unsupported block RAM features. If you have described an asynchronous read, making it synchronous would allow you to take advantage of available block RAM resources, for optimized device usage and improved timings. Please refer to your documentation for coding guidelines.
    -----------------------------------------------------------------------
    | ram_type           | Distributed                         |          |
    -----------------------------------------------------------------------
    | Port A                                                              |
    |     aspect ratio   | 256-word x 8-bit                    |          |
    |     weA            | connected to signal <GND>           | high     |
    |     addrA          | connected to signal <ciphertext[127]_roundkey[10][127]_xor_1297_OUT<55:48>> |          |
    |     diA            | connected to signal <GND>           |          |
    |     doA            | connected to internal node          |          |
    -----------------------------------------------------------------------
INFO:Xst:3218 - HDL ADVISOR - The RAM <Mram_ciphertext[127]_GND_2_o_wide_mux_1312_OUT> will be implemented on LUTs either because you have described an asynchronous read or because of currently unsupported block RAM features. If you have described an asynchronous read, making it synchronous would allow you to take advantage of available block RAM resources, for optimized device usage and improved timings. Please refer to your documentation for coding guidelines.
    -----------------------------------------------------------------------
    | ram_type           | Distributed                         |          |
    -----------------------------------------------------------------------
    | Port A                                                              |
    |     aspect ratio   | 256-word x 8-bit                    |          |
    |     weA            | connected to signal <GND>           | high     |
    |     addrA          | connected to signal <ciphertext[127]_roundkey[10][127]_xor_1297_OUT<79:72>> |          |
    |     diA            | connected to signal <GND>           |          |
    |     doA            | connected to internal node          |          |
    -----------------------------------------------------------------------
INFO:Xst:3218 - HDL ADVISOR - The RAM <Mram_ciphertext[127]_GND_2_o_wide_mux_1313_OUT> will be implemented on LUTs either because you have described an asynchronous read or because of currently unsupported block RAM features. If you have described an asynchronous read, making it synchronous would allow you to take advantage of available block RAM resources, for optimized device usage and improved timings. Please refer to your documentation for coding guidelines.
    -----------------------------------------------------------------------
    | ram_type           | Distributed                         |          |
    -----------------------------------------------------------------------
    | Port A                                                              |
    |     aspect ratio   | 256-word x 8-bit                    |          |
    |     weA            | connected to signal <GND>           | high     |
    |     addrA          | connected to signal <ciphertext[127]_roundkey[10][127]_xor_1297_OUT<103:96>> |          |
    |     diA            | connected to signal <GND>           |          |
    |     doA            | connected to internal node          |          |
    -----------------------------------------------------------------------
INFO:Xst:3218 - HDL ADVISOR - The RAM <Mram_GND_2_o_GND_2_o_wide_mux_2568_OUT> will be implemented on LUTs either because you have described an asynchronous read or because of currently unsupported block RAM features. If you have described an asynchronous read, making it synchronous would allow you to take advantage of available block RAM resources, for optimized device usage and improved timings. Please refer to your documentation for coding guidelines.
    -----------------------------------------------------------------------
    | ram_type           | Distributed                         |          |
    -----------------------------------------------------------------------
    | Port A                                                              |
    |     aspect ratio   | 256-word x 8-bit                    |          |
    |     weA            | connected to signal <GND>           | high     |
    |     addrA          | connected to signal <GND_2_o_GND_2_o_xor_1470_OUT> |          |
    |     diA            | connected to signal <GND>           |          |
    |     doA            | connected to internal node          |          |
    -----------------------------------------------------------------------
INFO:Xst:3218 - HDL ADVISOR - The RAM <Mram_GND_2_o_GND_2_o_wide_mux_2563_OUT> will be implemented on LUTs either because you have described an asynchronous read or because of currently unsupported block RAM features. If you have described an asynchronous read, making it synchronous would allow you to take advantage of available block RAM resources, for optimized device usage and improved timings. Please refer to your documentation for coding guidelines.
    -----------------------------------------------------------------------
    | ram_type           | Distributed                         |          |
    -----------------------------------------------------------------------
    | Port A                                                              |
    |     aspect ratio   | 256-word x 8-bit                    |          |
    |     weA            | connected to signal <GND>           | high     |
    |     addrA          | connected to signal <GND_2_o_GND_2_o_xor_1392_OUT> |          |
    |     diA            | connected to signal <GND>           |          |
    |     doA            | connected to internal node          |          |
    -----------------------------------------------------------------------
INFO:Xst:3218 - HDL ADVISOR - The RAM <Mram_GND_2_o_GND_2_o_wide_mux_2573_OUT> will be implemented on LUTs either because you have described an asynchronous read or because of currently unsupported block RAM features. If you have described an asynchronous read, making it synchronous would allow you to take advantage of available block RAM resources, for optimized device usage and improved timings. Please refer to your documentation for coding guidelines.
    -----------------------------------------------------------------------
    | ram_type           | Distributed                         |          |
    -----------------------------------------------------------------------
    | Port A                                                              |
    |     aspect ratio   | 256-word x 8-bit                    |          |
    |     weA            | connected to signal <GND>           | high     |
    |     addrA          | connected to signal <GND_2_o_GND_2_o_xor_1548_OUT> |          |
    |     diA            | connected to signal <GND>           |          |
    |     doA            | connected to internal node          |          |
    -----------------------------------------------------------------------
INFO:Xst:3218 - HDL ADVISOR - The RAM <Mram_GND_2_o_GND_2_o_wide_mux_2578_OUT> will be implemented on LUTs either because you have described an asynchronous read or because of currently unsupported block RAM features. If you have described an asynchronous read, making it synchronous would allow you to take advantage of available block RAM resources, for optimized device usage and improved timings. Please refer to your documentation for coding guidelines.
    -----------------------------------------------------------------------
    | ram_type           | Distributed                         |          |
    -----------------------------------------------------------------------
    | Port A                                                              |
    |     aspect ratio   | 256-word x 8-bit                    |          |
    |     weA            | connected to signal <GND>           | high     |
    |     addrA          | connected to signal <GND_2_o_GND_2_o_xor_1626_OUT> |          |
    |     diA            | connected to signal <GND>           |          |
    |     doA            | connected to internal node          |          |
    -----------------------------------------------------------------------
INFO:Xst:3218 - HDL ADVISOR - The RAM <Mram_GND_2_o_GND_2_o_wide_mux_2572_OUT> will be implemented on LUTs either because you have described an asynchronous read or because of currently unsupported block RAM features. If you have described an asynchronous read, making it synchronous would allow you to take advantage of available block RAM resources, for optimized device usage and improved timings. Please refer to your documentation for coding guidelines.
    -----------------------------------------------------------------------
    | ram_type           | Distributed                         |          |
    -----------------------------------------------------------------------
    | Port A                                                              |
    |     aspect ratio   | 256-word x 8-bit                    |          |
    |     weA            | connected to signal <GND>           | high     |
    |     addrA          | connected to signal <GND_2_o_GND_2_o_xor_1782_OUT> |          |
    |     diA            | connected to signal <GND>           |          |
    |     doA            | connected to internal node          |          |
    -----------------------------------------------------------------------
INFO:Xst:3218 - HDL ADVISOR - The RAM <Mram_GND_2_o_GND_2_o_wide_mux_2567_OUT> will be implemented on LUTs either because you have described an asynchronous read or because of currently unsupported block RAM features. If you have described an asynchronous read, making it synchronous would allow you to take advantage of available block RAM resources, for optimized device usage and improved timings. Please refer to your documentation for coding guidelines.
    -----------------------------------------------------------------------
    | ram_type           | Distributed                         |          |
    -----------------------------------------------------------------------
    | Port A                                                              |
    |     aspect ratio   | 256-word x 8-bit                    |          |
    |     weA            | connected to signal <GND>           | high     |
    |     addrA          | connected to signal <GND_2_o_GND_2_o_xor_1704_OUT> |          |
    |     diA            | connected to signal <GND>           |          |
    |     doA            | connected to internal node          |          |
    -----------------------------------------------------------------------
INFO:Xst:3218 - HDL ADVISOR - The RAM <Mram_GND_2_o_GND_2_o_wide_mux_2577_OUT> will be implemented on LUTs either because you have described an asynchronous read or because of currently unsupported block RAM features. If you have described an asynchronous read, making it synchronous would allow you to take advantage of available block RAM resources, for optimized device usage and improved timings. Please refer to your documentation for coding guidelines.
    -----------------------------------------------------------------------
    | ram_type           | Distributed                         |          |
    -----------------------------------------------------------------------
    | Port A                                                              |
    |     aspect ratio   | 256-word x 8-bit                    |          |
    |     weA            | connected to signal <GND>           | high     |
    |     addrA          | connected to signal <GND_2_o_GND_2_o_xor_1860_OUT> |          |
    |     diA            | connected to signal <GND>           |          |
    |     doA            | connected to internal node          |          |
    -----------------------------------------------------------------------
INFO:Xst:3218 - HDL ADVISOR - The RAM <Mram_GND_2_o_GND_2_o_wide_mux_2566_OUT> will be implemented on LUTs either because you have described an asynchronous read or because of currently unsupported block RAM features. If you have described an asynchronous read, making it synchronous would allow you to take advantage of available block RAM resources, for optimized device usage and improved timings. Please refer to your documentation for coding guidelines.
    -----------------------------------------------------------------------
    | ram_type           | Distributed                         |          |
    -----------------------------------------------------------------------
    | Port A                                                              |
    |     aspect ratio   | 256-word x 8-bit                    |          |
    |     weA            | connected to signal <GND>           | high     |
    |     addrA          | connected to signal <GND_2_o_GND_2_o_xor_1938_OUT> |          |
    |     diA            | connected to signal <GND>           |          |
    |     doA            | connected to internal node          |          |
    -----------------------------------------------------------------------
INFO:Xst:3218 - HDL ADVISOR - The RAM <Mram_GND_2_o_GND_2_o_wide_mux_2576_OUT> will be implemented on LUTs either because you have described an asynchronous read or because of currently unsupported block RAM features. If you have described an asynchronous read, making it synchronous would allow you to take advantage of available block RAM resources, for optimized device usage and improved timings. Please refer to your documentation for coding guidelines.
    -----------------------------------------------------------------------
    | ram_type           | Distributed                         |          |
    -----------------------------------------------------------------------
    | Port A                                                              |
    |     aspect ratio   | 256-word x 8-bit                    |          |
    |     weA            | connected to signal <GND>           | high     |
    |     addrA          | connected to signal <GND_2_o_GND_2_o_xor_2094_OUT> |          |
    |     diA            | connected to signal <GND>           |          |
    |     doA            | connected to internal node          |          |
    -----------------------------------------------------------------------
INFO:Xst:3218 - HDL ADVISOR - The RAM <Mram_GND_2_o_GND_2_o_wide_mux_2571_OUT> will be implemented on LUTs either because you have described an asynchronous read or because of currently unsupported block RAM features. If you have described an asynchronous read, making it synchronous would allow you to take advantage of available block RAM resources, for optimized device usage and improved timings. Please refer to your documentation for coding guidelines.
    -----------------------------------------------------------------------
    | ram_type           | Distributed                         |          |
    -----------------------------------------------------------------------
    | Port A                                                              |
    |     aspect ratio   | 256-word x 8-bit                    |          |
    |     weA            | connected to signal <GND>           | high     |
    |     addrA          | connected to signal <GND_2_o_GND_2_o_xor_2016_OUT> |          |
    |     diA            | connected to signal <GND>           |          |
    |     doA            | connected to internal node          |          |
    -----------------------------------------------------------------------
INFO:Xst:3218 - HDL ADVISOR - The RAM <Mram_GND_2_o_GND_2_o_wide_mux_2565_OUT> will be implemented on LUTs either because you have described an asynchronous read or because of currently unsupported block RAM features. If you have described an asynchronous read, making it synchronous would allow you to take advantage of available block RAM resources, for optimized device usage and improved timings. Please refer to your documentation for coding guidelines.
    -----------------------------------------------------------------------
    | ram_type           | Distributed                         |          |
    -----------------------------------------------------------------------
    | Port A                                                              |
    |     aspect ratio   | 256-word x 8-bit                    |          |
    |     weA            | connected to signal <GND>           | high     |
    |     addrA          | connected to signal <GND_2_o_GND_2_o_xor_2172_OUT> |          |
    |     diA            | connected to signal <GND>           |          |
    |     doA            | connected to internal node          |          |
    -----------------------------------------------------------------------
INFO:Xst:3218 - HDL ADVISOR - The RAM <Mram_GND_2_o_GND_2_o_wide_mux_2570_OUT> will be implemented on LUTs either because you have described an asynchronous read or because of currently unsupported block RAM features. If you have described an asynchronous read, making it synchronous would allow you to take advantage of available block RAM resources, for optimized device usage and improved timings. Please refer to your documentation for coding guidelines.
    -----------------------------------------------------------------------
    | ram_type           | Distributed                         |          |
    -----------------------------------------------------------------------
    | Port A                                                              |
    |     aspect ratio   | 256-word x 8-bit                    |          |
    |     weA            | connected to signal <GND>           | high     |
    |     addrA          | connected to signal <GND_2_o_GND_2_o_xor_2250_OUT> |          |
    |     diA            | connected to signal <GND>           |          |
    |     doA            | connected to internal node          |          |
    -----------------------------------------------------------------------
INFO:Xst:3218 - HDL ADVISOR - The RAM <Mram_GND_2_o_GND_2_o_wide_mux_2564_OUT> will be implemented on LUTs either because you have described an asynchronous read or because of currently unsupported block RAM features. If you have described an asynchronous read, making it synchronous would allow you to take advantage of available block RAM resources, for optimized device usage and improved timings. Please refer to your documentation for coding guidelines.
    -----------------------------------------------------------------------
    | ram_type           | Distributed                         |          |
    -----------------------------------------------------------------------
    | Port A                                                              |
    |     aspect ratio   | 256-word x 8-bit                    |          |
    |     weA            | connected to signal <GND>           | high     |
    |     addrA          | connected to signal <GND_2_o_GND_2_o_xor_2406_OUT> |          |
    |     diA            | connected to signal <GND>           |          |
    |     doA            | connected to internal node          |          |
    -----------------------------------------------------------------------
INFO:Xst:3218 - HDL ADVISOR - The RAM <Mram_GND_2_o_GND_2_o_wide_mux_2575_OUT> will be implemented on LUTs either because you have described an asynchronous read or because of currently unsupported block RAM features. If you have described an asynchronous read, making it synchronous would allow you to take advantage of available block RAM resources, for optimized device usage and improved timings. Please refer to your documentation for coding guidelines.
    -----------------------------------------------------------------------
    | ram_type           | Distributed                         |          |
    -----------------------------------------------------------------------
    | Port A                                                              |
    |     aspect ratio   | 256-word x 8-bit                    |          |
    |     weA            | connected to signal <GND>           | high     |
    |     addrA          | connected to signal <GND_2_o_GND_2_o_xor_2328_OUT> |          |
    |     diA            | connected to signal <GND>           |          |
    |     doA            | connected to internal node          |          |
    -----------------------------------------------------------------------
INFO:Xst:3218 - HDL ADVISOR - The RAM <Mram_GND_2_o_GND_2_o_wide_mux_2569_OUT> will be implemented on LUTs either because you have described an asynchronous read or because of currently unsupported block RAM features. If you have described an asynchronous read, making it synchronous would allow you to take advantage of available block RAM resources, for optimized device usage and improved timings. Please refer to your documentation for coding guidelines.
    -----------------------------------------------------------------------
    | ram_type           | Distributed                         |          |
    -----------------------------------------------------------------------
    | Port A                                                              |
    |     aspect ratio   | 256-word x 8-bit                    |          |
    |     weA            | connected to signal <GND>           | high     |
    |     addrA          | connected to signal <GND_2_o_GND_2_o_xor_2484_OUT> |          |
    |     diA            | connected to signal <GND>           |          |
    |     doA            | connected to internal node          |          |
    -----------------------------------------------------------------------
INFO:Xst:3218 - HDL ADVISOR - The RAM <Mram_GND_2_o_GND_2_o_wide_mux_2574_OUT> will be implemented on LUTs either because you have described an asynchronous read or because of currently unsupported block RAM features. If you have described an asynchronous read, making it synchronous would allow you to take advantage of available block RAM resources, for optimized device usage and improved timings. Please refer to your documentation for coding guidelines.
    -----------------------------------------------------------------------
    | ram_type           | Distributed                         |          |
    -----------------------------------------------------------------------
    | Port A                                                              |
    |     aspect ratio   | 256-word x 8-bit                    |          |
    |     weA            | connected to signal <GND>           | high     |
    |     addrA          | connected to signal <GND_2_o_GND_2_o_xor_2562_OUT> |          |
    |     diA            | connected to signal <GND>           |          |
    |     doA            | connected to internal node          |          |
    -----------------------------------------------------------------------
INFO:Xst:3218 - HDL ADVISOR - The RAM <Mram_GND_2_o_GND_2_o_wide_mux_3833_OUT> will be implemented on LUTs either because you have described an asynchronous read or because of currently unsupported block RAM features. If you have described an asynchronous read, making it synchronous would allow you to take advantage of available block RAM resources, for optimized device usage and improved timings. Please refer to your documentation for coding guidelines.
    -----------------------------------------------------------------------
    | ram_type           | Distributed                         |          |
    -----------------------------------------------------------------------
    | Port A                                                              |
    |     aspect ratio   | 256-word x 8-bit                    |          |
    |     weA            | connected to signal <GND>           | high     |
    |     addrA          | connected to signal <GND_2_o_GND_2_o_xor_2735_OUT> |          |
    |     diA            | connected to signal <GND>           |          |
    |     doA            | connected to internal node          |          |
    -----------------------------------------------------------------------
INFO:Xst:3218 - HDL ADVISOR - The RAM <Mram_GND_2_o_GND_2_o_wide_mux_3828_OUT> will be implemented on LUTs either because you have described an asynchronous read or because of currently unsupported block RAM features. If you have described an asynchronous read, making it synchronous would allow you to take advantage of available block RAM resources, for optimized device usage and improved timings. Please refer to your documentation for coding guidelines.
    -----------------------------------------------------------------------
    | ram_type           | Distributed                         |          |
    -----------------------------------------------------------------------
    | Port A                                                              |
    |     aspect ratio   | 256-word x 8-bit                    |          |
    |     weA            | connected to signal <GND>           | high     |
    |     addrA          | connected to signal <GND_2_o_GND_2_o_xor_2657_OUT> |          |
    |     diA            | connected to signal <GND>           |          |
    |     doA            | connected to internal node          |          |
    -----------------------------------------------------------------------
INFO:Xst:3218 - HDL ADVISOR - The RAM <Mram_GND_2_o_GND_2_o_wide_mux_3838_OUT> will be implemented on LUTs either because you have described an asynchronous read or because of currently unsupported block RAM features. If you have described an asynchronous read, making it synchronous would allow you to take advantage of available block RAM resources, for optimized device usage and improved timings. Please refer to your documentation for coding guidelines.
    -----------------------------------------------------------------------
    | ram_type           | Distributed                         |          |
    -----------------------------------------------------------------------
    | Port A                                                              |
    |     aspect ratio   | 256-word x 8-bit                    |          |
    |     weA            | connected to signal <GND>           | high     |
    |     addrA          | connected to signal <GND_2_o_GND_2_o_xor_2813_OUT> |          |
    |     diA            | connected to signal <GND>           |          |
    |     doA            | connected to internal node          |          |
    -----------------------------------------------------------------------
INFO:Xst:3218 - HDL ADVISOR - The RAM <Mram_GND_2_o_GND_2_o_wide_mux_3843_OUT> will be implemented on LUTs either because you have described an asynchronous read or because of currently unsupported block RAM features. If you have described an asynchronous read, making it synchronous would allow you to take advantage of available block RAM resources, for optimized device usage and improved timings. Please refer to your documentation for coding guidelines.
    -----------------------------------------------------------------------
    | ram_type           | Distributed                         |          |
    -----------------------------------------------------------------------
    | Port A                                                              |
    |     aspect ratio   | 256-word x 8-bit                    |          |
    |     weA            | connected to signal <GND>           | high     |
    |     addrA          | connected to signal <GND_2_o_GND_2_o_xor_2891_OUT> |          |
    |     diA            | connected to signal <GND>           |          |
    |     doA            | connected to internal node          |          |
    -----------------------------------------------------------------------
INFO:Xst:3218 - HDL ADVISOR - The RAM <Mram_GND_2_o_GND_2_o_wide_mux_3837_OUT> will be implemented on LUTs either because you have described an asynchronous read or because of currently unsupported block RAM features. If you have described an asynchronous read, making it synchronous would allow you to take advantage of available block RAM resources, for optimized device usage and improved timings. Please refer to your documentation for coding guidelines.
    -----------------------------------------------------------------------
    | ram_type           | Distributed                         |          |
    -----------------------------------------------------------------------
    | Port A                                                              |
    |     aspect ratio   | 256-word x 8-bit                    |          |
    |     weA            | connected to signal <GND>           | high     |
    |     addrA          | connected to signal <GND_2_o_GND_2_o_xor_3047_OUT> |          |
    |     diA            | connected to signal <GND>           |          |
    |     doA            | connected to internal node          |          |
    -----------------------------------------------------------------------
INFO:Xst:3218 - HDL ADVISOR - The RAM <Mram_GND_2_o_GND_2_o_wide_mux_3832_OUT> will be implemented on LUTs either because you have described an asynchronous read or because of currently unsupported block RAM features. If you have described an asynchronous read, making it synchronous would allow you to take advantage of available block RAM resources, for optimized device usage and improved timings. Please refer to your documentation for coding guidelines.
    -----------------------------------------------------------------------
    | ram_type           | Distributed                         |          |
    -----------------------------------------------------------------------
    | Port A                                                              |
    |     aspect ratio   | 256-word x 8-bit                    |          |
    |     weA            | connected to signal <GND>           | high     |
    |     addrA          | connected to signal <GND_2_o_GND_2_o_xor_2969_OUT> |          |
    |     diA            | connected to signal <GND>           |          |
    |     doA            | connected to internal node          |          |
    -----------------------------------------------------------------------
INFO:Xst:3218 - HDL ADVISOR - The RAM <Mram_GND_2_o_GND_2_o_wide_mux_3842_OUT> will be implemented on LUTs either because you have described an asynchronous read or because of currently unsupported block RAM features. If you have described an asynchronous read, making it synchronous would allow you to take advantage of available block RAM resources, for optimized device usage and improved timings. Please refer to your documentation for coding guidelines.
    -----------------------------------------------------------------------
    | ram_type           | Distributed                         |          |
    -----------------------------------------------------------------------
    | Port A                                                              |
    |     aspect ratio   | 256-word x 8-bit                    |          |
    |     weA            | connected to signal <GND>           | high     |
    |     addrA          | connected to signal <GND_2_o_GND_2_o_xor_3125_OUT> |          |
    |     diA            | connected to signal <GND>           |          |
    |     doA            | connected to internal node          |          |
    -----------------------------------------------------------------------
INFO:Xst:3218 - HDL ADVISOR - The RAM <Mram_GND_2_o_GND_2_o_wide_mux_3831_OUT> will be implemented on LUTs either because you have described an asynchronous read or because of currently unsupported block RAM features. If you have described an asynchronous read, making it synchronous would allow you to take advantage of available block RAM resources, for optimized device usage and improved timings. Please refer to your documentation for coding guidelines.
    -----------------------------------------------------------------------
    | ram_type           | Distributed                         |          |
    -----------------------------------------------------------------------
    | Port A                                                              |
    |     aspect ratio   | 256-word x 8-bit                    |          |
    |     weA            | connected to signal <GND>           | high     |
    |     addrA          | connected to signal <GND_2_o_GND_2_o_xor_3203_OUT> |          |
    |     diA            | connected to signal <GND>           |          |
    |     doA            | connected to internal node          |          |
    -----------------------------------------------------------------------
INFO:Xst:3218 - HDL ADVISOR - The RAM <Mram_GND_2_o_GND_2_o_wide_mux_3841_OUT> will be implemented on LUTs either because you have described an asynchronous read or because of currently unsupported block RAM features. If you have described an asynchronous read, making it synchronous would allow you to take advantage of available block RAM resources, for optimized device usage and improved timings. Please refer to your documentation for coding guidelines.
    -----------------------------------------------------------------------
    | ram_type           | Distributed                         |          |
    -----------------------------------------------------------------------
    | Port A                                                              |
    |     aspect ratio   | 256-word x 8-bit                    |          |
    |     weA            | connected to signal <GND>           | high     |
    |     addrA          | connected to signal <GND_2_o_GND_2_o_xor_3359_OUT> |          |
    |     diA            | connected to signal <GND>           |          |
    |     doA            | connected to internal node          |          |
    -----------------------------------------------------------------------
INFO:Xst:3218 - HDL ADVISOR - The RAM <Mram_GND_2_o_GND_2_o_wide_mux_3836_OUT> will be implemented on LUTs either because you have described an asynchronous read or because of currently unsupported block RAM features. If you have described an asynchronous read, making it synchronous would allow you to take advantage of available block RAM resources, for optimized device usage and improved timings. Please refer to your documentation for coding guidelines.
    -----------------------------------------------------------------------
    | ram_type           | Distributed                         |          |
    -----------------------------------------------------------------------
    | Port A                                                              |
    |     aspect ratio   | 256-word x 8-bit                    |          |
    |     weA            | connected to signal <GND>           | high     |
    |     addrA          | connected to signal <GND_2_o_GND_2_o_xor_3281_OUT> |          |
    |     diA            | connected to signal <GND>           |          |
    |     doA            | connected to internal node          |          |
    -----------------------------------------------------------------------
INFO:Xst:3218 - HDL ADVISOR - The RAM <Mram_GND_2_o_GND_2_o_wide_mux_3830_OUT> will be implemented on LUTs either because you have described an asynchronous read or because of currently unsupported block RAM features. If you have described an asynchronous read, making it synchronous would allow you to take advantage of available block RAM resources, for optimized device usage and improved timings. Please refer to your documentation for coding guidelines.
    -----------------------------------------------------------------------
    | ram_type           | Distributed                         |          |
    -----------------------------------------------------------------------
    | Port A                                                              |
    |     aspect ratio   | 256-word x 8-bit                    |          |
    |     weA            | connected to signal <GND>           | high     |
    |     addrA          | connected to signal <GND_2_o_GND_2_o_xor_3437_OUT> |          |
    |     diA            | connected to signal <GND>           |          |
    |     doA            | connected to internal node          |          |
    -----------------------------------------------------------------------
INFO:Xst:3218 - HDL ADVISOR - The RAM <Mram_GND_2_o_GND_2_o_wide_mux_3835_OUT> will be implemented on LUTs either because you have described an asynchronous read or because of currently unsupported block RAM features. If you have described an asynchronous read, making it synchronous would allow you to take advantage of available block RAM resources, for optimized device usage and improved timings. Please refer to your documentation for coding guidelines.
    -----------------------------------------------------------------------
    | ram_type           | Distributed                         |          |
    -----------------------------------------------------------------------
    | Port A                                                              |
    |     aspect ratio   | 256-word x 8-bit                    |          |
    |     weA            | connected to signal <GND>           | high     |
    |     addrA          | connected to signal <GND_2_o_GND_2_o_xor_3515_OUT> |          |
    |     diA            | connected to signal <GND>           |          |
    |     doA            | connected to internal node          |          |
    -----------------------------------------------------------------------
INFO:Xst:3218 - HDL ADVISOR - The RAM <Mram_GND_2_o_GND_2_o_wide_mux_3829_OUT> will be implemented on LUTs either because you have described an asynchronous read or because of currently unsupported block RAM features. If you have described an asynchronous read, making it synchronous would allow you to take advantage of available block RAM resources, for optimized device usage and improved timings. Please refer to your documentation for coding guidelines.
    -----------------------------------------------------------------------
    | ram_type           | Distributed                         |          |
    -----------------------------------------------------------------------
    | Port A                                                              |
    |     aspect ratio   | 256-word x 8-bit                    |          |
    |     weA            | connected to signal <GND>           | high     |
    |     addrA          | connected to signal <GND_2_o_GND_2_o_xor_3671_OUT> |          |
    |     diA            | connected to signal <GND>           |          |
    |     doA            | connected to internal node          |          |
    -----------------------------------------------------------------------
INFO:Xst:3218 - HDL ADVISOR - The RAM <Mram_GND_2_o_GND_2_o_wide_mux_3840_OUT> will be implemented on LUTs either because you have described an asynchronous read or because of currently unsupported block RAM features. If you have described an asynchronous read, making it synchronous would allow you to take advantage of available block RAM resources, for optimized device usage and improved timings. Please refer to your documentation for coding guidelines.
    -----------------------------------------------------------------------
    | ram_type           | Distributed                         |          |
    -----------------------------------------------------------------------
    | Port A                                                              |
    |     aspect ratio   | 256-word x 8-bit                    |          |
    |     weA            | connected to signal <GND>           | high     |
    |     addrA          | connected to signal <GND_2_o_GND_2_o_xor_3593_OUT> |          |
    |     diA            | connected to signal <GND>           |          |
    |     doA            | connected to internal node          |          |
    -----------------------------------------------------------------------
INFO:Xst:3218 - HDL ADVISOR - The RAM <Mram_GND_2_o_GND_2_o_wide_mux_3834_OUT> will be implemented on LUTs either because you have described an asynchronous read or because of currently unsupported block RAM features. If you have described an asynchronous read, making it synchronous would allow you to take advantage of available block RAM resources, for optimized device usage and improved timings. Please refer to your documentation for coding guidelines.
    -----------------------------------------------------------------------
    | ram_type           | Distributed                         |          |
    -----------------------------------------------------------------------
    | Port A                                                              |
    |     aspect ratio   | 256-word x 8-bit                    |          |
    |     weA            | connected to signal <GND>           | high     |
    |     addrA          | connected to signal <GND_2_o_GND_2_o_xor_3749_OUT> |          |
    |     diA            | connected to signal <GND>           |          |
    |     doA            | connected to internal node          |          |
    -----------------------------------------------------------------------
INFO:Xst:3218 - HDL ADVISOR - The RAM <Mram_GND_2_o_GND_2_o_wide_mux_3839_OUT> will be implemented on LUTs either because you have described an asynchronous read or because of currently unsupported block RAM features. If you have described an asynchronous read, making it synchronous would allow you to take advantage of available block RAM resources, for optimized device usage and improved timings. Please refer to your documentation for coding guidelines.
    -----------------------------------------------------------------------
    | ram_type           | Distributed                         |          |
    -----------------------------------------------------------------------
    | Port A                                                              |
    |     aspect ratio   | 256-word x 8-bit                    |          |
    |     weA            | connected to signal <GND>           | high     |
    |     addrA          | connected to signal <GND_2_o_GND_2_o_xor_3827_OUT> |          |
    |     diA            | connected to signal <GND>           |          |
    |     doA            | connected to internal node          |          |
    -----------------------------------------------------------------------
INFO:Xst:3218 - HDL ADVISOR - The RAM <Mram_GND_2_o_GND_2_o_wide_mux_5098_OUT> will be implemented on LUTs either because you have described an asynchronous read or because of currently unsupported block RAM features. If you have described an asynchronous read, making it synchronous would allow you to take advantage of available block RAM resources, for optimized device usage and improved timings. Please refer to your documentation for coding guidelines.
    -----------------------------------------------------------------------
    | ram_type           | Distributed                         |          |
    -----------------------------------------------------------------------
    | Port A                                                              |
    |     aspect ratio   | 256-word x 8-bit                    |          |
    |     weA            | connected to signal <GND>           | high     |
    |     addrA          | connected to signal <GND_2_o_GND_2_o_xor_4000_OUT> |          |
    |     diA            | connected to signal <GND>           |          |
    |     doA            | connected to internal node          |          |
    -----------------------------------------------------------------------
INFO:Xst:3218 - HDL ADVISOR - The RAM <Mram_GND_2_o_GND_2_o_wide_mux_5093_OUT> will be implemented on LUTs either because you have described an asynchronous read or because of currently unsupported block RAM features. If you have described an asynchronous read, making it synchronous would allow you to take advantage of available block RAM resources, for optimized device usage and improved timings. Please refer to your documentation for coding guidelines.
    -----------------------------------------------------------------------
    | ram_type           | Distributed                         |          |
    -----------------------------------------------------------------------
    | Port A                                                              |
    |     aspect ratio   | 256-word x 8-bit                    |          |
    |     weA            | connected to signal <GND>           | high     |
    |     addrA          | connected to signal <GND_2_o_GND_2_o_xor_3922_OUT> |          |
    |     diA            | connected to signal <GND>           |          |
    |     doA            | connected to internal node          |          |
    -----------------------------------------------------------------------
INFO:Xst:3218 - HDL ADVISOR - The RAM <Mram_GND_2_o_GND_2_o_wide_mux_5103_OUT> will be implemented on LUTs either because you have described an asynchronous read or because of currently unsupported block RAM features. If you have described an asynchronous read, making it synchronous would allow you to take advantage of available block RAM resources, for optimized device usage and improved timings. Please refer to your documentation for coding guidelines.
    -----------------------------------------------------------------------
    | ram_type           | Distributed                         |          |
    -----------------------------------------------------------------------
    | Port A                                                              |
    |     aspect ratio   | 256-word x 8-bit                    |          |
    |     weA            | connected to signal <GND>           | high     |
    |     addrA          | connected to signal <GND_2_o_GND_2_o_xor_4078_OUT> |          |
    |     diA            | connected to signal <GND>           |          |
    |     doA            | connected to internal node          |          |
    -----------------------------------------------------------------------
INFO:Xst:3218 - HDL ADVISOR - The RAM <Mram_GND_2_o_GND_2_o_wide_mux_5108_OUT> will be implemented on LUTs either because you have described an asynchronous read or because of currently unsupported block RAM features. If you have described an asynchronous read, making it synchronous would allow you to take advantage of available block RAM resources, for optimized device usage and improved timings. Please refer to your documentation for coding guidelines.
    -----------------------------------------------------------------------
    | ram_type           | Distributed                         |          |
    -----------------------------------------------------------------------
    | Port A                                                              |
    |     aspect ratio   | 256-word x 8-bit                    |          |
    |     weA            | connected to signal <GND>           | high     |
    |     addrA          | connected to signal <GND_2_o_GND_2_o_xor_4156_OUT> |          |
    |     diA            | connected to signal <GND>           |          |
    |     doA            | connected to internal node          |          |
    -----------------------------------------------------------------------
INFO:Xst:3218 - HDL ADVISOR - The RAM <Mram_GND_2_o_GND_2_o_wide_mux_5102_OUT> will be implemented on LUTs either because you have described an asynchronous read or because of currently unsupported block RAM features. If you have described an asynchronous read, making it synchronous would allow you to take advantage of available block RAM resources, for optimized device usage and improved timings. Please refer to your documentation for coding guidelines.
    -----------------------------------------------------------------------
    | ram_type           | Distributed                         |          |
    -----------------------------------------------------------------------
    | Port A                                                              |
    |     aspect ratio   | 256-word x 8-bit                    |          |
    |     weA            | connected to signal <GND>           | high     |
    |     addrA          | connected to signal <GND_2_o_GND_2_o_xor_4312_OUT> |          |
    |     diA            | connected to signal <GND>           |          |
    |     doA            | connected to internal node          |          |
    -----------------------------------------------------------------------
INFO:Xst:3218 - HDL ADVISOR - The RAM <Mram_GND_2_o_GND_2_o_wide_mux_5097_OUT> will be implemented on LUTs either because you have described an asynchronous read or because of currently unsupported block RAM features. If you have described an asynchronous read, making it synchronous would allow you to take advantage of available block RAM resources, for optimized device usage and improved timings. Please refer to your documentation for coding guidelines.
    -----------------------------------------------------------------------
    | ram_type           | Distributed                         |          |
    -----------------------------------------------------------------------
    | Port A                                                              |
    |     aspect ratio   | 256-word x 8-bit                    |          |
    |     weA            | connected to signal <GND>           | high     |
    |     addrA          | connected to signal <GND_2_o_GND_2_o_xor_4234_OUT> |          |
    |     diA            | connected to signal <GND>           |          |
    |     doA            | connected to internal node          |          |
    -----------------------------------------------------------------------
INFO:Xst:3218 - HDL ADVISOR - The RAM <Mram_GND_2_o_GND_2_o_wide_mux_5107_OUT> will be implemented on LUTs either because you have described an asynchronous read or because of currently unsupported block RAM features. If you have described an asynchronous read, making it synchronous would allow you to take advantage of available block RAM resources, for optimized device usage and improved timings. Please refer to your documentation for coding guidelines.
    -----------------------------------------------------------------------
    | ram_type           | Distributed                         |          |
    -----------------------------------------------------------------------
    | Port A                                                              |
    |     aspect ratio   | 256-word x 8-bit                    |          |
    |     weA            | connected to signal <GND>           | high     |
    |     addrA          | connected to signal <GND_2_o_GND_2_o_xor_4390_OUT> |          |
    |     diA            | connected to signal <GND>           |          |
    |     doA            | connected to internal node          |          |
    -----------------------------------------------------------------------
INFO:Xst:3218 - HDL ADVISOR - The RAM <Mram_GND_2_o_GND_2_o_wide_mux_5096_OUT> will be implemented on LUTs either because you have described an asynchronous read or because of currently unsupported block RAM features. If you have described an asynchronous read, making it synchronous would allow you to take advantage of available block RAM resources, for optimized device usage and improved timings. Please refer to your documentation for coding guidelines.
    -----------------------------------------------------------------------
    | ram_type           | Distributed                         |          |
    -----------------------------------------------------------------------
    | Port A                                                              |
    |     aspect ratio   | 256-word x 8-bit                    |          |
    |     weA            | connected to signal <GND>           | high     |
    |     addrA          | connected to signal <GND_2_o_GND_2_o_xor_4468_OUT> |          |
    |     diA            | connected to signal <GND>           |          |
    |     doA            | connected to internal node          |          |
    -----------------------------------------------------------------------
INFO:Xst:3218 - HDL ADVISOR - The RAM <Mram_GND_2_o_GND_2_o_wide_mux_5106_OUT> will be implemented on LUTs either because you have described an asynchronous read or because of currently unsupported block RAM features. If you have described an asynchronous read, making it synchronous would allow you to take advantage of available block RAM resources, for optimized device usage and improved timings. Please refer to your documentation for coding guidelines.
    -----------------------------------------------------------------------
    | ram_type           | Distributed                         |          |
    -----------------------------------------------------------------------
    | Port A                                                              |
    |     aspect ratio   | 256-word x 8-bit                    |          |
    |     weA            | connected to signal <GND>           | high     |
    |     addrA          | connected to signal <GND_2_o_GND_2_o_xor_4624_OUT> |          |
    |     diA            | connected to signal <GND>           |          |
    |     doA            | connected to internal node          |          |
    -----------------------------------------------------------------------
INFO:Xst:3218 - HDL ADVISOR - The RAM <Mram_GND_2_o_GND_2_o_wide_mux_5101_OUT> will be implemented on LUTs either because you have described an asynchronous read or because of currently unsupported block RAM features. If you have described an asynchronous read, making it synchronous would allow you to take advantage of available block RAM resources, for optimized device usage and improved timings. Please refer to your documentation for coding guidelines.
    -----------------------------------------------------------------------
    | ram_type           | Distributed                         |          |
    -----------------------------------------------------------------------
    | Port A                                                              |
    |     aspect ratio   | 256-word x 8-bit                    |          |
    |     weA            | connected to signal <GND>           | high     |
    |     addrA          | connected to signal <GND_2_o_GND_2_o_xor_4546_OUT> |          |
    |     diA            | connected to signal <GND>           |          |
    |     doA            | connected to internal node          |          |
    -----------------------------------------------------------------------
INFO:Xst:3218 - HDL ADVISOR - The RAM <Mram_GND_2_o_GND_2_o_wide_mux_5095_OUT> will be implemented on LUTs either because you have described an asynchronous read or because of currently unsupported block RAM features. If you have described an asynchronous read, making it synchronous would allow you to take advantage of available block RAM resources, for optimized device usage and improved timings. Please refer to your documentation for coding guidelines.
    -----------------------------------------------------------------------
    | ram_type           | Distributed                         |          |
    -----------------------------------------------------------------------
    | Port A                                                              |
    |     aspect ratio   | 256-word x 8-bit                    |          |
    |     weA            | connected to signal <GND>           | high     |
    |     addrA          | connected to signal <GND_2_o_GND_2_o_xor_4702_OUT> |          |
    |     diA            | connected to signal <GND>           |          |
    |     doA            | connected to internal node          |          |
    -----------------------------------------------------------------------
INFO:Xst:3218 - HDL ADVISOR - The RAM <Mram_GND_2_o_GND_2_o_wide_mux_5100_OUT> will be implemented on LUTs either because you have described an asynchronous read or because of currently unsupported block RAM features. If you have described an asynchronous read, making it synchronous would allow you to take advantage of available block RAM resources, for optimized device usage and improved timings. Please refer to your documentation for coding guidelines.
    -----------------------------------------------------------------------
    | ram_type           | Distributed                         |          |
    -----------------------------------------------------------------------
    | Port A                                                              |
    |     aspect ratio   | 256-word x 8-bit                    |          |
    |     weA            | connected to signal <GND>           | high     |
    |     addrA          | connected to signal <GND_2_o_GND_2_o_xor_4780_OUT> |          |
    |     diA            | connected to signal <GND>           |          |
    |     doA            | connected to internal node          |          |
    -----------------------------------------------------------------------
INFO:Xst:3218 - HDL ADVISOR - The RAM <Mram_GND_2_o_GND_2_o_wide_mux_5094_OUT> will be implemented on LUTs either because you have described an asynchronous read or because of currently unsupported block RAM features. If you have described an asynchronous read, making it synchronous would allow you to take advantage of available block RAM resources, for optimized device usage and improved timings. Please refer to your documentation for coding guidelines.
    -----------------------------------------------------------------------
    | ram_type           | Distributed                         |          |
    -----------------------------------------------------------------------
    | Port A                                                              |
    |     aspect ratio   | 256-word x 8-bit                    |          |
    |     weA            | connected to signal <GND>           | high     |
    |     addrA          | connected to signal <GND_2_o_GND_2_o_xor_4936_OUT> |          |
    |     diA            | connected to signal <GND>           |          |
    |     doA            | connected to internal node          |          |
    -----------------------------------------------------------------------
INFO:Xst:3218 - HDL ADVISOR - The RAM <Mram_GND_2_o_GND_2_o_wide_mux_5105_OUT> will be implemented on LUTs either because you have described an asynchronous read or because of currently unsupported block RAM features. If you have described an asynchronous read, making it synchronous would allow you to take advantage of available block RAM resources, for optimized device usage and improved timings. Please refer to your documentation for coding guidelines.
    -----------------------------------------------------------------------
    | ram_type           | Distributed                         |          |
    -----------------------------------------------------------------------
    | Port A                                                              |
    |     aspect ratio   | 256-word x 8-bit                    |          |
    |     weA            | connected to signal <GND>           | high     |
    |     addrA          | connected to signal <GND_2_o_GND_2_o_xor_4858_OUT> |          |
    |     diA            | connected to signal <GND>           |          |
    |     doA            | connected to internal node          |          |
    -----------------------------------------------------------------------
INFO:Xst:3218 - HDL ADVISOR - The RAM <Mram_GND_2_o_GND_2_o_wide_mux_5099_OUT> will be implemented on LUTs either because you have described an asynchronous read or because of currently unsupported block RAM features. If you have described an asynchronous read, making it synchronous would allow you to take advantage of available block RAM resources, for optimized device usage and improved timings. Please refer to your documentation for coding guidelines.
    -----------------------------------------------------------------------
    | ram_type           | Distributed                         |          |
    -----------------------------------------------------------------------
    | Port A                                                              |
    |     aspect ratio   | 256-word x 8-bit                    |          |
    |     weA            | connected to signal <GND>           | high     |
    |     addrA          | connected to signal <GND_2_o_GND_2_o_xor_5014_OUT> |          |
    |     diA            | connected to signal <GND>           |          |
    |     doA            | connected to internal node          |          |
    -----------------------------------------------------------------------
INFO:Xst:3218 - HDL ADVISOR - The RAM <Mram_GND_2_o_GND_2_o_wide_mux_5104_OUT> will be implemented on LUTs either because you have described an asynchronous read or because of currently unsupported block RAM features. If you have described an asynchronous read, making it synchronous would allow you to take advantage of available block RAM resources, for optimized device usage and improved timings. Please refer to your documentation for coding guidelines.
    -----------------------------------------------------------------------
    | ram_type           | Distributed                         |          |
    -----------------------------------------------------------------------
    | Port A                                                              |
    |     aspect ratio   | 256-word x 8-bit                    |          |
    |     weA            | connected to signal <GND>           | high     |
    |     addrA          | connected to signal <GND_2_o_GND_2_o_xor_5092_OUT> |          |
    |     diA            | connected to signal <GND>           |          |
    |     doA            | connected to internal node          |          |
    -----------------------------------------------------------------------
INFO:Xst:3218 - HDL ADVISOR - The RAM <Mram_GND_2_o_GND_2_o_wide_mux_6363_OUT> will be implemented on LUTs either because you have described an asynchronous read or because of currently unsupported block RAM features. If you have described an asynchronous read, making it synchronous would allow you to take advantage of available block RAM resources, for optimized device usage and improved timings. Please refer to your documentation for coding guidelines.
    -----------------------------------------------------------------------
    | ram_type           | Distributed                         |          |
    -----------------------------------------------------------------------
    | Port A                                                              |
    |     aspect ratio   | 256-word x 8-bit                    |          |
    |     weA            | connected to signal <GND>           | high     |
    |     addrA          | connected to signal <GND_2_o_GND_2_o_xor_5265_OUT> |          |
    |     diA            | connected to signal <GND>           |          |
    |     doA            | connected to internal node          |          |
    -----------------------------------------------------------------------
INFO:Xst:3218 - HDL ADVISOR - The RAM <Mram_GND_2_o_GND_2_o_wide_mux_6358_OUT> will be implemented on LUTs either because you have described an asynchronous read or because of currently unsupported block RAM features. If you have described an asynchronous read, making it synchronous would allow you to take advantage of available block RAM resources, for optimized device usage and improved timings. Please refer to your documentation for coding guidelines.
    -----------------------------------------------------------------------
    | ram_type           | Distributed                         |          |
    -----------------------------------------------------------------------
    | Port A                                                              |
    |     aspect ratio   | 256-word x 8-bit                    |          |
    |     weA            | connected to signal <GND>           | high     |
    |     addrA          | connected to signal <GND_2_o_GND_2_o_xor_5187_OUT> |          |
    |     diA            | connected to signal <GND>           |          |
    |     doA            | connected to internal node          |          |
    -----------------------------------------------------------------------
INFO:Xst:3218 - HDL ADVISOR - The RAM <Mram_GND_2_o_GND_2_o_wide_mux_6368_OUT> will be implemented on LUTs either because you have described an asynchronous read or because of currently unsupported block RAM features. If you have described an asynchronous read, making it synchronous would allow you to take advantage of available block RAM resources, for optimized device usage and improved timings. Please refer to your documentation for coding guidelines.
    -----------------------------------------------------------------------
    | ram_type           | Distributed                         |          |
    -----------------------------------------------------------------------
    | Port A                                                              |
    |     aspect ratio   | 256-word x 8-bit                    |          |
    |     weA            | connected to signal <GND>           | high     |
    |     addrA          | connected to signal <GND_2_o_GND_2_o_xor_5343_OUT> |          |
    |     diA            | connected to signal <GND>           |          |
    |     doA            | connected to internal node          |          |
    -----------------------------------------------------------------------
INFO:Xst:3218 - HDL ADVISOR - The RAM <Mram_GND_2_o_GND_2_o_wide_mux_6373_OUT> will be implemented on LUTs either because you have described an asynchronous read or because of currently unsupported block RAM features. If you have described an asynchronous read, making it synchronous would allow you to take advantage of available block RAM resources, for optimized device usage and improved timings. Please refer to your documentation for coding guidelines.
    -----------------------------------------------------------------------
    | ram_type           | Distributed                         |          |
    -----------------------------------------------------------------------
    | Port A                                                              |
    |     aspect ratio   | 256-word x 8-bit                    |          |
    |     weA            | connected to signal <GND>           | high     |
    |     addrA          | connected to signal <GND_2_o_GND_2_o_xor_5421_OUT> |          |
    |     diA            | connected to signal <GND>           |          |
    |     doA            | connected to internal node          |          |
    -----------------------------------------------------------------------
INFO:Xst:3218 - HDL ADVISOR - The RAM <Mram_GND_2_o_GND_2_o_wide_mux_6367_OUT> will be implemented on LUTs either because you have described an asynchronous read or because of currently unsupported block RAM features. If you have described an asynchronous read, making it synchronous would allow you to take advantage of available block RAM resources, for optimized device usage and improved timings. Please refer to your documentation for coding guidelines.
    -----------------------------------------------------------------------
    | ram_type           | Distributed                         |          |
    -----------------------------------------------------------------------
    | Port A                                                              |
    |     aspect ratio   | 256-word x 8-bit                    |          |
    |     weA            | connected to signal <GND>           | high     |
    |     addrA          | connected to signal <GND_2_o_GND_2_o_xor_5577_OUT> |          |
    |     diA            | connected to signal <GND>           |          |
    |     doA            | connected to internal node          |          |
    -----------------------------------------------------------------------
INFO:Xst:3218 - HDL ADVISOR - The RAM <Mram_GND_2_o_GND_2_o_wide_mux_6362_OUT> will be implemented on LUTs either because you have described an asynchronous read or because of currently unsupported block RAM features. If you have described an asynchronous read, making it synchronous would allow you to take advantage of available block RAM resources, for optimized device usage and improved timings. Please refer to your documentation for coding guidelines.
    -----------------------------------------------------------------------
    | ram_type           | Distributed                         |          |
    -----------------------------------------------------------------------
    | Port A                                                              |
    |     aspect ratio   | 256-word x 8-bit                    |          |
    |     weA            | connected to signal <GND>           | high     |
    |     addrA          | connected to signal <GND_2_o_GND_2_o_xor_5499_OUT> |          |
    |     diA            | connected to signal <GND>           |          |
    |     doA            | connected to internal node          |          |
    -----------------------------------------------------------------------
INFO:Xst:3218 - HDL ADVISOR - The RAM <Mram_GND_2_o_GND_2_o_wide_mux_6372_OUT> will be implemented on LUTs either because you have described an asynchronous read or because of currently unsupported block RAM features. If you have described an asynchronous read, making it synchronous would allow you to take advantage of available block RAM resources, for optimized device usage and improved timings. Please refer to your documentation for coding guidelines.
    -----------------------------------------------------------------------
    | ram_type           | Distributed                         |          |
    -----------------------------------------------------------------------
    | Port A                                                              |
    |     aspect ratio   | 256-word x 8-bit                    |          |
    |     weA            | connected to signal <GND>           | high     |
    |     addrA          | connected to signal <GND_2_o_GND_2_o_xor_5655_OUT> |          |
    |     diA            | connected to signal <GND>           |          |
    |     doA            | connected to internal node          |          |
    -----------------------------------------------------------------------
INFO:Xst:3218 - HDL ADVISOR - The RAM <Mram_GND_2_o_GND_2_o_wide_mux_6361_OUT> will be implemented on LUTs either because you have described an asynchronous read or because of currently unsupported block RAM features. If you have described an asynchronous read, making it synchronous would allow you to take advantage of available block RAM resources, for optimized device usage and improved timings. Please refer to your documentation for coding guidelines.
    -----------------------------------------------------------------------
    | ram_type           | Distributed                         |          |
    -----------------------------------------------------------------------
    | Port A                                                              |
    |     aspect ratio   | 256-word x 8-bit                    |          |
    |     weA            | connected to signal <GND>           | high     |
    |     addrA          | connected to signal <GND_2_o_GND_2_o_xor_5733_OUT> |          |
    |     diA            | connected to signal <GND>           |          |
    |     doA            | connected to internal node          |          |
    -----------------------------------------------------------------------
INFO:Xst:3218 - HDL ADVISOR - The RAM <Mram_GND_2_o_GND_2_o_wide_mux_6371_OUT> will be implemented on LUTs either because you have described an asynchronous read or because of currently unsupported block RAM features. If you have described an asynchronous read, making it synchronous would allow you to take advantage of available block RAM resources, for optimized device usage and improved timings. Please refer to your documentation for coding guidelines.
    -----------------------------------------------------------------------
    | ram_type           | Distributed                         |          |
    -----------------------------------------------------------------------
    | Port A                                                              |
    |     aspect ratio   | 256-word x 8-bit                    |          |
    |     weA            | connected to signal <GND>           | high     |
    |     addrA          | connected to signal <GND_2_o_GND_2_o_xor_5889_OUT> |          |
    |     diA            | connected to signal <GND>           |          |
    |     doA            | connected to internal node          |          |
    -----------------------------------------------------------------------
INFO:Xst:3218 - HDL ADVISOR - The RAM <Mram_GND_2_o_GND_2_o_wide_mux_6366_OUT> will be implemented on LUTs either because you have described an asynchronous read or because of currently unsupported block RAM features. If you have described an asynchronous read, making it synchronous would allow you to take advantage of available block RAM resources, for optimized device usage and improved timings. Please refer to your documentation for coding guidelines.
    -----------------------------------------------------------------------
    | ram_type           | Distributed                         |          |
    -----------------------------------------------------------------------
    | Port A                                                              |
    |     aspect ratio   | 256-word x 8-bit                    |          |
    |     weA            | connected to signal <GND>           | high     |
    |     addrA          | connected to signal <GND_2_o_GND_2_o_xor_5811_OUT> |          |
    |     diA            | connected to signal <GND>           |          |
    |     doA            | connected to internal node          |          |
    -----------------------------------------------------------------------
INFO:Xst:3218 - HDL ADVISOR - The RAM <Mram_GND_2_o_GND_2_o_wide_mux_6360_OUT> will be implemented on LUTs either because you have described an asynchronous read or because of currently unsupported block RAM features. If you have described an asynchronous read, making it synchronous would allow you to take advantage of available block RAM resources, for optimized device usage and improved timings. Please refer to your documentation for coding guidelines.
    -----------------------------------------------------------------------
    | ram_type           | Distributed                         |          |
    -----------------------------------------------------------------------
    | Port A                                                              |
    |     aspect ratio   | 256-word x 8-bit                    |          |
    |     weA            | connected to signal <GND>           | high     |
    |     addrA          | connected to signal <GND_2_o_GND_2_o_xor_5967_OUT> |          |
    |     diA            | connected to signal <GND>           |          |
    |     doA            | connected to internal node          |          |
    -----------------------------------------------------------------------
INFO:Xst:3218 - HDL ADVISOR - The RAM <Mram_GND_2_o_GND_2_o_wide_mux_6365_OUT> will be implemented on LUTs either because you have described an asynchronous read or because of currently unsupported block RAM features. If you have described an asynchronous read, making it synchronous would allow you to take advantage of available block RAM resources, for optimized device usage and improved timings. Please refer to your documentation for coding guidelines.
    -----------------------------------------------------------------------
    | ram_type           | Distributed                         |          |
    -----------------------------------------------------------------------
    | Port A                                                              |
    |     aspect ratio   | 256-word x 8-bit                    |          |
    |     weA            | connected to signal <GND>           | high     |
    |     addrA          | connected to signal <GND_2_o_GND_2_o_xor_6045_OUT> |          |
    |     diA            | connected to signal <GND>           |          |
    |     doA            | connected to internal node          |          |
    -----------------------------------------------------------------------
INFO:Xst:3218 - HDL ADVISOR - The RAM <Mram_GND_2_o_GND_2_o_wide_mux_6359_OUT> will be implemented on LUTs either because you have described an asynchronous read or because of currently unsupported block RAM features. If you have described an asynchronous read, making it synchronous would allow you to take advantage of available block RAM resources, for optimized device usage and improved timings. Please refer to your documentation for coding guidelines.
    -----------------------------------------------------------------------
    | ram_type           | Distributed                         |          |
    -----------------------------------------------------------------------
    | Port A                                                              |
    |     aspect ratio   | 256-word x 8-bit                    |          |
    |     weA            | connected to signal <GND>           | high     |
    |     addrA          | connected to signal <GND_2_o_GND_2_o_xor_6201_OUT> |          |
    |     diA            | connected to signal <GND>           |          |
    |     doA            | connected to internal node          |          |
    -----------------------------------------------------------------------
INFO:Xst:3218 - HDL ADVISOR - The RAM <Mram_GND_2_o_GND_2_o_wide_mux_6370_OUT> will be implemented on LUTs either because you have described an asynchronous read or because of currently unsupported block RAM features. If you have described an asynchronous read, making it synchronous would allow you to take advantage of available block RAM resources, for optimized device usage and improved timings. Please refer to your documentation for coding guidelines.
    -----------------------------------------------------------------------
    | ram_type           | Distributed                         |          |
    -----------------------------------------------------------------------
    | Port A                                                              |
    |     aspect ratio   | 256-word x 8-bit                    |          |
    |     weA            | connected to signal <GND>           | high     |
    |     addrA          | connected to signal <GND_2_o_GND_2_o_xor_6123_OUT> |          |
    |     diA            | connected to signal <GND>           |          |
    |     doA            | connected to internal node          |          |
    -----------------------------------------------------------------------
INFO:Xst:3218 - HDL ADVISOR - The RAM <Mram_GND_2_o_GND_2_o_wide_mux_6364_OUT> will be implemented on LUTs either because you have described an asynchronous read or because of currently unsupported block RAM features. If you have described an asynchronous read, making it synchronous would allow you to take advantage of available block RAM resources, for optimized device usage and improved timings. Please refer to your documentation for coding guidelines.
    -----------------------------------------------------------------------
    | ram_type           | Distributed                         |          |
    -----------------------------------------------------------------------
    | Port A                                                              |
    |     aspect ratio   | 256-word x 8-bit                    |          |
    |     weA            | connected to signal <GND>           | high     |
    |     addrA          | connected to signal <GND_2_o_GND_2_o_xor_6279_OUT> |          |
    |     diA            | connected to signal <GND>           |          |
    |     doA            | connected to internal node          |          |
    -----------------------------------------------------------------------
INFO:Xst:3218 - HDL ADVISOR - The RAM <Mram_GND_2_o_GND_2_o_wide_mux_6369_OUT> will be implemented on LUTs either because you have described an asynchronous read or because of currently unsupported block RAM features. If you have described an asynchronous read, making it synchronous would allow you to take advantage of available block RAM resources, for optimized device usage and improved timings. Please refer to your documentation for coding guidelines.
    -----------------------------------------------------------------------
    | ram_type           | Distributed                         |          |
    -----------------------------------------------------------------------
    | Port A                                                              |
    |     aspect ratio   | 256-word x 8-bit                    |          |
    |     weA            | connected to signal <GND>           | high     |
    |     addrA          | connected to signal <GND_2_o_GND_2_o_xor_6357_OUT> |          |
    |     diA            | connected to signal <GND>           |          |
    |     doA            | connected to internal node          |          |
    -----------------------------------------------------------------------
INFO:Xst:3218 - HDL ADVISOR - The RAM <Mram_GND_2_o_GND_2_o_wide_mux_7628_OUT> will be implemented on LUTs either because you have described an asynchronous read or because of currently unsupported block RAM features. If you have described an asynchronous read, making it synchronous would allow you to take advantage of available block RAM resources, for optimized device usage and improved timings. Please refer to your documentation for coding guidelines.
    -----------------------------------------------------------------------
    | ram_type           | Distributed                         |          |
    -----------------------------------------------------------------------
    | Port A                                                              |
    |     aspect ratio   | 256-word x 8-bit                    |          |
    |     weA            | connected to signal <GND>           | high     |
    |     addrA          | connected to signal <GND_2_o_GND_2_o_xor_6530_OUT> |          |
    |     diA            | connected to signal <GND>           |          |
    |     doA            | connected to internal node          |          |
    -----------------------------------------------------------------------
INFO:Xst:3218 - HDL ADVISOR - The RAM <Mram_GND_2_o_GND_2_o_wide_mux_7623_OUT> will be implemented on LUTs either because you have described an asynchronous read or because of currently unsupported block RAM features. If you have described an asynchronous read, making it synchronous would allow you to take advantage of available block RAM resources, for optimized device usage and improved timings. Please refer to your documentation for coding guidelines.
    -----------------------------------------------------------------------
    | ram_type           | Distributed                         |          |
    -----------------------------------------------------------------------
    | Port A                                                              |
    |     aspect ratio   | 256-word x 8-bit                    |          |
    |     weA            | connected to signal <GND>           | high     |
    |     addrA          | connected to signal <GND_2_o_GND_2_o_xor_6452_OUT> |          |
    |     diA            | connected to signal <GND>           |          |
    |     doA            | connected to internal node          |          |
    -----------------------------------------------------------------------
INFO:Xst:3218 - HDL ADVISOR - The RAM <Mram_GND_2_o_GND_2_o_wide_mux_7633_OUT> will be implemented on LUTs either because you have described an asynchronous read or because of currently unsupported block RAM features. If you have described an asynchronous read, making it synchronous would allow you to take advantage of available block RAM resources, for optimized device usage and improved timings. Please refer to your documentation for coding guidelines.
    -----------------------------------------------------------------------
    | ram_type           | Distributed                         |          |
    -----------------------------------------------------------------------
    | Port A                                                              |
    |     aspect ratio   | 256-word x 8-bit                    |          |
    |     weA            | connected to signal <GND>           | high     |
    |     addrA          | connected to signal <GND_2_o_GND_2_o_xor_6608_OUT> |          |
    |     diA            | connected to signal <GND>           |          |
    |     doA            | connected to internal node          |          |
    -----------------------------------------------------------------------
INFO:Xst:3218 - HDL ADVISOR - The RAM <Mram_GND_2_o_GND_2_o_wide_mux_7638_OUT> will be implemented on LUTs either because you have described an asynchronous read or because of currently unsupported block RAM features. If you have described an asynchronous read, making it synchronous would allow you to take advantage of available block RAM resources, for optimized device usage and improved timings. Please refer to your documentation for coding guidelines.
    -----------------------------------------------------------------------
    | ram_type           | Distributed                         |          |
    -----------------------------------------------------------------------
    | Port A                                                              |
    |     aspect ratio   | 256-word x 8-bit                    |          |
    |     weA            | connected to signal <GND>           | high     |
    |     addrA          | connected to signal <GND_2_o_GND_2_o_xor_6686_OUT> |          |
    |     diA            | connected to signal <GND>           |          |
    |     doA            | connected to internal node          |          |
    -----------------------------------------------------------------------
INFO:Xst:3218 - HDL ADVISOR - The RAM <Mram_GND_2_o_GND_2_o_wide_mux_7632_OUT> will be implemented on LUTs either because you have described an asynchronous read or because of currently unsupported block RAM features. If you have described an asynchronous read, making it synchronous would allow you to take advantage of available block RAM resources, for optimized device usage and improved timings. Please refer to your documentation for coding guidelines.
    -----------------------------------------------------------------------
    | ram_type           | Distributed                         |          |
    -----------------------------------------------------------------------
    | Port A                                                              |
    |     aspect ratio   | 256-word x 8-bit                    |          |
    |     weA            | connected to signal <GND>           | high     |
    |     addrA          | connected to signal <GND_2_o_GND_2_o_xor_6842_OUT> |          |
    |     diA            | connected to signal <GND>           |          |
    |     doA            | connected to internal node          |          |
    -----------------------------------------------------------------------
INFO:Xst:3218 - HDL ADVISOR - The RAM <Mram_GND_2_o_GND_2_o_wide_mux_7627_OUT> will be implemented on LUTs either because you have described an asynchronous read or because of currently unsupported block RAM features. If you have described an asynchronous read, making it synchronous would allow you to take advantage of available block RAM resources, for optimized device usage and improved timings. Please refer to your documentation for coding guidelines.
    -----------------------------------------------------------------------
    | ram_type           | Distributed                         |          |
    -----------------------------------------------------------------------
    | Port A                                                              |
    |     aspect ratio   | 256-word x 8-bit                    |          |
    |     weA            | connected to signal <GND>           | high     |
    |     addrA          | connected to signal <GND_2_o_GND_2_o_xor_6764_OUT> |          |
    |     diA            | connected to signal <GND>           |          |
    |     doA            | connected to internal node          |          |
    -----------------------------------------------------------------------
INFO:Xst:3218 - HDL ADVISOR - The RAM <Mram_GND_2_o_GND_2_o_wide_mux_7637_OUT> will be implemented on LUTs either because you have described an asynchronous read or because of currently unsupported block RAM features. If you have described an asynchronous read, making it synchronous would allow you to take advantage of available block RAM resources, for optimized device usage and improved timings. Please refer to your documentation for coding guidelines.
    -----------------------------------------------------------------------
    | ram_type           | Distributed                         |          |
    -----------------------------------------------------------------------
    | Port A                                                              |
    |     aspect ratio   | 256-word x 8-bit                    |          |
    |     weA            | connected to signal <GND>           | high     |
    |     addrA          | connected to signal <GND_2_o_GND_2_o_xor_6920_OUT> |          |
    |     diA            | connected to signal <GND>           |          |
    |     doA            | connected to internal node          |          |
    -----------------------------------------------------------------------
INFO:Xst:3218 - HDL ADVISOR - The RAM <Mram_GND_2_o_GND_2_o_wide_mux_7626_OUT> will be implemented on LUTs either because you have described an asynchronous read or because of currently unsupported block RAM features. If you have described an asynchronous read, making it synchronous would allow you to take advantage of available block RAM resources, for optimized device usage and improved timings. Please refer to your documentation for coding guidelines.
    -----------------------------------------------------------------------
    | ram_type           | Distributed                         |          |
    -----------------------------------------------------------------------
    | Port A                                                              |
    |     aspect ratio   | 256-word x 8-bit                    |          |
    |     weA            | connected to signal <GND>           | high     |
    |     addrA          | connected to signal <GND_2_o_GND_2_o_xor_6998_OUT> |          |
    |     diA            | connected to signal <GND>           |          |
    |     doA            | connected to internal node          |          |
    -----------------------------------------------------------------------
INFO:Xst:3218 - HDL ADVISOR - The RAM <Mram_GND_2_o_GND_2_o_wide_mux_7636_OUT> will be implemented on LUTs either because you have described an asynchronous read or because of currently unsupported block RAM features. If you have described an asynchronous read, making it synchronous would allow you to take advantage of available block RAM resources, for optimized device usage and improved timings. Please refer to your documentation for coding guidelines.
    -----------------------------------------------------------------------
    | ram_type           | Distributed                         |          |
    -----------------------------------------------------------------------
    | Port A                                                              |
    |     aspect ratio   | 256-word x 8-bit                    |          |
    |     weA            | connected to signal <GND>           | high     |
    |     addrA          | connected to signal <GND_2_o_GND_2_o_xor_7154_OUT> |          |
    |     diA            | connected to signal <GND>           |          |
    |     doA            | connected to internal node          |          |
    -----------------------------------------------------------------------
INFO:Xst:3218 - HDL ADVISOR - The RAM <Mram_GND_2_o_GND_2_o_wide_mux_7631_OUT> will be implemented on LUTs either because you have described an asynchronous read or because of currently unsupported block RAM features. If you have described an asynchronous read, making it synchronous would allow you to take advantage of available block RAM resources, for optimized device usage and improved timings. Please refer to your documentation for coding guidelines.
    -----------------------------------------------------------------------
    | ram_type           | Distributed                         |          |
    -----------------------------------------------------------------------
    | Port A                                                              |
    |     aspect ratio   | 256-word x 8-bit                    |          |
    |     weA            | connected to signal <GND>           | high     |
    |     addrA          | connected to signal <GND_2_o_GND_2_o_xor_7076_OUT> |          |
    |     diA            | connected to signal <GND>           |          |
    |     doA            | connected to internal node          |          |
    -----------------------------------------------------------------------
INFO:Xst:3218 - HDL ADVISOR - The RAM <Mram_GND_2_o_GND_2_o_wide_mux_7625_OUT> will be implemented on LUTs either because you have described an asynchronous read or because of currently unsupported block RAM features. If you have described an asynchronous read, making it synchronous would allow you to take advantage of available block RAM resources, for optimized device usage and improved timings. Please refer to your documentation for coding guidelines.
    -----------------------------------------------------------------------
    | ram_type           | Distributed                         |          |
    -----------------------------------------------------------------------
    | Port A                                                              |
    |     aspect ratio   | 256-word x 8-bit                    |          |
    |     weA            | connected to signal <GND>           | high     |
    |     addrA          | connected to signal <GND_2_o_GND_2_o_xor_7232_OUT> |          |
    |     diA            | connected to signal <GND>           |          |
    |     doA            | connected to internal node          |          |
    -----------------------------------------------------------------------
INFO:Xst:3218 - HDL ADVISOR - The RAM <Mram_GND_2_o_GND_2_o_wide_mux_7630_OUT> will be implemented on LUTs either because you have described an asynchronous read or because of currently unsupported block RAM features. If you have described an asynchronous read, making it synchronous would allow you to take advantage of available block RAM resources, for optimized device usage and improved timings. Please refer to your documentation for coding guidelines.
    -----------------------------------------------------------------------
    | ram_type           | Distributed                         |          |
    -----------------------------------------------------------------------
    | Port A                                                              |
    |     aspect ratio   | 256-word x 8-bit                    |          |
    |     weA            | connected to signal <GND>           | high     |
    |     addrA          | connected to signal <GND_2_o_GND_2_o_xor_7310_OUT> |          |
    |     diA            | connected to signal <GND>           |          |
    |     doA            | connected to internal node          |          |
    -----------------------------------------------------------------------
INFO:Xst:3218 - HDL ADVISOR - The RAM <Mram_GND_2_o_GND_2_o_wide_mux_7624_OUT> will be implemented on LUTs either because you have described an asynchronous read or because of currently unsupported block RAM features. If you have described an asynchronous read, making it synchronous would allow you to take advantage of available block RAM resources, for optimized device usage and improved timings. Please refer to your documentation for coding guidelines.
    -----------------------------------------------------------------------
    | ram_type           | Distributed                         |          |
    -----------------------------------------------------------------------
    | Port A                                                              |
    |     aspect ratio   | 256-word x 8-bit                    |          |
    |     weA            | connected to signal <GND>           | high     |
    |     addrA          | connected to signal <GND_2_o_GND_2_o_xor_7466_OUT> |          |
    |     diA            | connected to signal <GND>           |          |
    |     doA            | connected to internal node          |          |
    -----------------------------------------------------------------------
INFO:Xst:3218 - HDL ADVISOR - The RAM <Mram_GND_2_o_GND_2_o_wide_mux_7635_OUT> will be implemented on LUTs either because you have described an asynchronous read or because of currently unsupported block RAM features. If you have described an asynchronous read, making it synchronous would allow you to take advantage of available block RAM resources, for optimized device usage and improved timings. Please refer to your documentation for coding guidelines.
    -----------------------------------------------------------------------
    | ram_type           | Distributed                         |          |
    -----------------------------------------------------------------------
    | Port A                                                              |
    |     aspect ratio   | 256-word x 8-bit                    |          |
    |     weA            | connected to signal <GND>           | high     |
    |     addrA          | connected to signal <GND_2_o_GND_2_o_xor_7388_OUT> |          |
    |     diA            | connected to signal <GND>           |          |
    |     doA            | connected to internal node          |          |
    -----------------------------------------------------------------------
INFO:Xst:3218 - HDL ADVISOR - The RAM <Mram_GND_2_o_GND_2_o_wide_mux_7629_OUT> will be implemented on LUTs either because you have described an asynchronous read or because of currently unsupported block RAM features. If you have described an asynchronous read, making it synchronous would allow you to take advantage of available block RAM resources, for optimized device usage and improved timings. Please refer to your documentation for coding guidelines.
    -----------------------------------------------------------------------
    | ram_type           | Distributed                         |          |
    -----------------------------------------------------------------------
    | Port A                                                              |
    |     aspect ratio   | 256-word x 8-bit                    |          |
    |     weA            | connected to signal <GND>           | high     |
    |     addrA          | connected to signal <GND_2_o_GND_2_o_xor_7544_OUT> |          |
    |     diA            | connected to signal <GND>           |          |
    |     doA            | connected to internal node          |          |
    -----------------------------------------------------------------------
INFO:Xst:3218 - HDL ADVISOR - The RAM <Mram_GND_2_o_GND_2_o_wide_mux_7634_OUT> will be implemented on LUTs either because you have described an asynchronous read or because of currently unsupported block RAM features. If you have described an asynchronous read, making it synchronous would allow you to take advantage of available block RAM resources, for optimized device usage and improved timings. Please refer to your documentation for coding guidelines.
    -----------------------------------------------------------------------
    | ram_type           | Distributed                         |          |
    -----------------------------------------------------------------------
    | Port A                                                              |
    |     aspect ratio   | 256-word x 8-bit                    |          |
    |     weA            | connected to signal <GND>           | high     |
    |     addrA          | connected to signal <GND_2_o_GND_2_o_xor_7622_OUT> |          |
    |     diA            | connected to signal <GND>           |          |
    |     doA            | connected to internal node          |          |
    -----------------------------------------------------------------------
INFO:Xst:3218 - HDL ADVISOR - The RAM <Mram_GND_2_o_GND_2_o_wide_mux_8893_OUT> will be implemented on LUTs either because you have described an asynchronous read or because of currently unsupported block RAM features. If you have described an asynchronous read, making it synchronous would allow you to take advantage of available block RAM resources, for optimized device usage and improved timings. Please refer to your documentation for coding guidelines.
    -----------------------------------------------------------------------
    | ram_type           | Distributed                         |          |
    -----------------------------------------------------------------------
    | Port A                                                              |
    |     aspect ratio   | 256-word x 8-bit                    |          |
    |     weA            | connected to signal <GND>           | high     |
    |     addrA          | connected to signal <GND_2_o_GND_2_o_xor_7795_OUT> |          |
    |     diA            | connected to signal <GND>           |          |
    |     doA            | connected to internal node          |          |
    -----------------------------------------------------------------------
INFO:Xst:3218 - HDL ADVISOR - The RAM <Mram_GND_2_o_GND_2_o_wide_mux_8888_OUT> will be implemented on LUTs either because you have described an asynchronous read or because of currently unsupported block RAM features. If you have described an asynchronous read, making it synchronous would allow you to take advantage of available block RAM resources, for optimized device usage and improved timings. Please refer to your documentation for coding guidelines.
    -----------------------------------------------------------------------
    | ram_type           | Distributed                         |          |
    -----------------------------------------------------------------------
    | Port A                                                              |
    |     aspect ratio   | 256-word x 8-bit                    |          |
    |     weA            | connected to signal <GND>           | high     |
    |     addrA          | connected to signal <GND_2_o_GND_2_o_xor_7717_OUT> |          |
    |     diA            | connected to signal <GND>           |          |
    |     doA            | connected to internal node          |          |
    -----------------------------------------------------------------------
INFO:Xst:3218 - HDL ADVISOR - The RAM <Mram_GND_2_o_GND_2_o_wide_mux_8898_OUT> will be implemented on LUTs either because you have described an asynchronous read or because of currently unsupported block RAM features. If you have described an asynchronous read, making it synchronous would allow you to take advantage of available block RAM resources, for optimized device usage and improved timings. Please refer to your documentation for coding guidelines.
    -----------------------------------------------------------------------
    | ram_type           | Distributed                         |          |
    -----------------------------------------------------------------------
    | Port A                                                              |
    |     aspect ratio   | 256-word x 8-bit                    |          |
    |     weA            | connected to signal <GND>           | high     |
    |     addrA          | connected to signal <GND_2_o_GND_2_o_xor_7873_OUT> |          |
    |     diA            | connected to signal <GND>           |          |
    |     doA            | connected to internal node          |          |
    -----------------------------------------------------------------------
INFO:Xst:3218 - HDL ADVISOR - The RAM <Mram_GND_2_o_GND_2_o_wide_mux_8903_OUT> will be implemented on LUTs either because you have described an asynchronous read or because of currently unsupported block RAM features. If you have described an asynchronous read, making it synchronous would allow you to take advantage of available block RAM resources, for optimized device usage and improved timings. Please refer to your documentation for coding guidelines.
    -----------------------------------------------------------------------
    | ram_type           | Distributed                         |          |
    -----------------------------------------------------------------------
    | Port A                                                              |
    |     aspect ratio   | 256-word x 8-bit                    |          |
    |     weA            | connected to signal <GND>           | high     |
    |     addrA          | connected to signal <GND_2_o_GND_2_o_xor_7951_OUT> |          |
    |     diA            | connected to signal <GND>           |          |
    |     doA            | connected to internal node          |          |
    -----------------------------------------------------------------------
INFO:Xst:3218 - HDL ADVISOR - The RAM <Mram_GND_2_o_GND_2_o_wide_mux_8897_OUT> will be implemented on LUTs either because you have described an asynchronous read or because of currently unsupported block RAM features. If you have described an asynchronous read, making it synchronous would allow you to take advantage of available block RAM resources, for optimized device usage and improved timings. Please refer to your documentation for coding guidelines.
    -----------------------------------------------------------------------
    | ram_type           | Distributed                         |          |
    -----------------------------------------------------------------------
    | Port A                                                              |
    |     aspect ratio   | 256-word x 8-bit                    |          |
    |     weA            | connected to signal <GND>           | high     |
    |     addrA          | connected to signal <GND_2_o_GND_2_o_xor_8107_OUT> |          |
    |     diA            | connected to signal <GND>           |          |
    |     doA            | connected to internal node          |          |
    -----------------------------------------------------------------------
INFO:Xst:3218 - HDL ADVISOR - The RAM <Mram_GND_2_o_GND_2_o_wide_mux_8892_OUT> will be implemented on LUTs either because you have described an asynchronous read or because of currently unsupported block RAM features. If you have described an asynchronous read, making it synchronous would allow you to take advantage of available block RAM resources, for optimized device usage and improved timings. Please refer to your documentation for coding guidelines.
    -----------------------------------------------------------------------
    | ram_type           | Distributed                         |          |
    -----------------------------------------------------------------------
    | Port A                                                              |
    |     aspect ratio   | 256-word x 8-bit                    |          |
    |     weA            | connected to signal <GND>           | high     |
    |     addrA          | connected to signal <GND_2_o_GND_2_o_xor_8029_OUT> |          |
    |     diA            | connected to signal <GND>           |          |
    |     doA            | connected to internal node          |          |
    -----------------------------------------------------------------------
INFO:Xst:3218 - HDL ADVISOR - The RAM <Mram_GND_2_o_GND_2_o_wide_mux_8902_OUT> will be implemented on LUTs either because you have described an asynchronous read or because of currently unsupported block RAM features. If you have described an asynchronous read, making it synchronous would allow you to take advantage of available block RAM resources, for optimized device usage and improved timings. Please refer to your documentation for coding guidelines.
    -----------------------------------------------------------------------
    | ram_type           | Distributed                         |          |
    -----------------------------------------------------------------------
    | Port A                                                              |
    |     aspect ratio   | 256-word x 8-bit                    |          |
    |     weA            | connected to signal <GND>           | high     |
    |     addrA          | connected to signal <GND_2_o_GND_2_o_xor_8185_OUT> |          |
    |     diA            | connected to signal <GND>           |          |
    |     doA            | connected to internal node          |          |
    -----------------------------------------------------------------------
INFO:Xst:3218 - HDL ADVISOR - The RAM <Mram_GND_2_o_GND_2_o_wide_mux_8891_OUT> will be implemented on LUTs either because you have described an asynchronous read or because of currently unsupported block RAM features. If you have described an asynchronous read, making it synchronous would allow you to take advantage of available block RAM resources, for optimized device usage and improved timings. Please refer to your documentation for coding guidelines.
    -----------------------------------------------------------------------
    | ram_type           | Distributed                         |          |
    -----------------------------------------------------------------------
    | Port A                                                              |
    |     aspect ratio   | 256-word x 8-bit                    |          |
    |     weA            | connected to signal <GND>           | high     |
    |     addrA          | connected to signal <GND_2_o_GND_2_o_xor_8263_OUT> |          |
    |     diA            | connected to signal <GND>           |          |
    |     doA            | connected to internal node          |          |
    -----------------------------------------------------------------------
INFO:Xst:3218 - HDL ADVISOR - The RAM <Mram_GND_2_o_GND_2_o_wide_mux_8901_OUT> will be implemented on LUTs either because you have described an asynchronous read or because of currently unsupported block RAM features. If you have described an asynchronous read, making it synchronous would allow you to take advantage of available block RAM resources, for optimized device usage and improved timings. Please refer to your documentation for coding guidelines.
    -----------------------------------------------------------------------
    | ram_type           | Distributed                         |          |
    -----------------------------------------------------------------------
    | Port A                                                              |
    |     aspect ratio   | 256-word x 8-bit                    |          |
    |     weA            | connected to signal <GND>           | high     |
    |     addrA          | connected to signal <GND_2_o_GND_2_o_xor_8419_OUT> |          |
    |     diA            | connected to signal <GND>           |          |
    |     doA            | connected to internal node          |          |
    -----------------------------------------------------------------------
INFO:Xst:3218 - HDL ADVISOR - The RAM <Mram_GND_2_o_GND_2_o_wide_mux_8896_OUT> will be implemented on LUTs either because you have described an asynchronous read or because of currently unsupported block RAM features. If you have described an asynchronous read, making it synchronous would allow you to take advantage of available block RAM resources, for optimized device usage and improved timings. Please refer to your documentation for coding guidelines.
    -----------------------------------------------------------------------
    | ram_type           | Distributed                         |          |
    -----------------------------------------------------------------------
    | Port A                                                              |
    |     aspect ratio   | 256-word x 8-bit                    |          |
    |     weA            | connected to signal <GND>           | high     |
    |     addrA          | connected to signal <GND_2_o_GND_2_o_xor_8341_OUT> |          |
    |     diA            | connected to signal <GND>           |          |
    |     doA            | connected to internal node          |          |
    -----------------------------------------------------------------------
INFO:Xst:3218 - HDL ADVISOR - The RAM <Mram_GND_2_o_GND_2_o_wide_mux_8890_OUT> will be implemented on LUTs either because you have described an asynchronous read or because of currently unsupported block RAM features. If you have described an asynchronous read, making it synchronous would allow you to take advantage of available block RAM resources, for optimized device usage and improved timings. Please refer to your documentation for coding guidelines.
    -----------------------------------------------------------------------
    | ram_type           | Distributed                         |          |
    -----------------------------------------------------------------------
    | Port A                                                              |
    |     aspect ratio   | 256-word x 8-bit                    |          |
    |     weA            | connected to signal <GND>           | high     |
    |     addrA          | connected to signal <GND_2_o_GND_2_o_xor_8497_OUT> |          |
    |     diA            | connected to signal <GND>           |          |
    |     doA            | connected to internal node          |          |
    -----------------------------------------------------------------------
INFO:Xst:3218 - HDL ADVISOR - The RAM <Mram_GND_2_o_GND_2_o_wide_mux_8895_OUT> will be implemented on LUTs either because you have described an asynchronous read or because of currently unsupported block RAM features. If you have described an asynchronous read, making it synchronous would allow you to take advantage of available block RAM resources, for optimized device usage and improved timings. Please refer to your documentation for coding guidelines.
    -----------------------------------------------------------------------
    | ram_type           | Distributed                         |          |
    -----------------------------------------------------------------------
    | Port A                                                              |
    |     aspect ratio   | 256-word x 8-bit                    |          |
    |     weA            | connected to signal <GND>           | high     |
    |     addrA          | connected to signal <GND_2_o_GND_2_o_xor_8575_OUT> |          |
    |     diA            | connected to signal <GND>           |          |
    |     doA            | connected to internal node          |          |
    -----------------------------------------------------------------------
INFO:Xst:3218 - HDL ADVISOR - The RAM <Mram_GND_2_o_GND_2_o_wide_mux_8889_OUT> will be implemented on LUTs either because you have described an asynchronous read or because of currently unsupported block RAM features. If you have described an asynchronous read, making it synchronous would allow you to take advantage of available block RAM resources, for optimized device usage and improved timings. Please refer to your documentation for coding guidelines.
    -----------------------------------------------------------------------
    | ram_type           | Distributed                         |          |
    -----------------------------------------------------------------------
    | Port A                                                              |
    |     aspect ratio   | 256-word x 8-bit                    |          |
    |     weA            | connected to signal <GND>           | high     |
    |     addrA          | connected to signal <GND_2_o_GND_2_o_xor_8731_OUT> |          |
    |     diA            | connected to signal <GND>           |          |
    |     doA            | connected to internal node          |          |
    -----------------------------------------------------------------------
INFO:Xst:3218 - HDL ADVISOR - The RAM <Mram_GND_2_o_GND_2_o_wide_mux_8900_OUT> will be implemented on LUTs either because you have described an asynchronous read or because of currently unsupported block RAM features. If you have described an asynchronous read, making it synchronous would allow you to take advantage of available block RAM resources, for optimized device usage and improved timings. Please refer to your documentation for coding guidelines.
    -----------------------------------------------------------------------
    | ram_type           | Distributed                         |          |
    -----------------------------------------------------------------------
    | Port A                                                              |
    |     aspect ratio   | 256-word x 8-bit                    |          |
    |     weA            | connected to signal <GND>           | high     |
    |     addrA          | connected to signal <GND_2_o_GND_2_o_xor_8653_OUT> |          |
    |     diA            | connected to signal <GND>           |          |
    |     doA            | connected to internal node          |          |
    -----------------------------------------------------------------------
INFO:Xst:3218 - HDL ADVISOR - The RAM <Mram_GND_2_o_GND_2_o_wide_mux_8894_OUT> will be implemented on LUTs either because you have described an asynchronous read or because of currently unsupported block RAM features. If you have described an asynchronous read, making it synchronous would allow you to take advantage of available block RAM resources, for optimized device usage and improved timings. Please refer to your documentation for coding guidelines.
    -----------------------------------------------------------------------
    | ram_type           | Distributed                         |          |
    -----------------------------------------------------------------------
    | Port A                                                              |
    |     aspect ratio   | 256-word x 8-bit                    |          |
    |     weA            | connected to signal <GND>           | high     |
    |     addrA          | connected to signal <GND_2_o_GND_2_o_xor_8809_OUT> |          |
    |     diA            | connected to signal <GND>           |          |
    |     doA            | connected to internal node          |          |
    -----------------------------------------------------------------------
INFO:Xst:3218 - HDL ADVISOR - The RAM <Mram_GND_2_o_GND_2_o_wide_mux_8899_OUT> will be implemented on LUTs either because you have described an asynchronous read or because of currently unsupported block RAM features. If you have described an asynchronous read, making it synchronous would allow you to take advantage of available block RAM resources, for optimized device usage and improved timings. Please refer to your documentation for coding guidelines.
    -----------------------------------------------------------------------
    | ram_type           | Distributed                         |          |
    -----------------------------------------------------------------------
    | Port A                                                              |
    |     aspect ratio   | 256-word x 8-bit                    |          |
    |     weA            | connected to signal <GND>           | high     |
    |     addrA          | connected to signal <GND_2_o_GND_2_o_xor_8887_OUT> |          |
    |     diA            | connected to signal <GND>           |          |
    |     doA            | connected to internal node          |          |
    -----------------------------------------------------------------------
INFO:Xst:3218 - HDL ADVISOR - The RAM <Mram_GND_2_o_GND_2_o_wide_mux_10158_OUT> will be implemented on LUTs either because you have described an asynchronous read or because of currently unsupported block RAM features. If you have described an asynchronous read, making it synchronous would allow you to take advantage of available block RAM resources, for optimized device usage and improved timings. Please refer to your documentation for coding guidelines.
    -----------------------------------------------------------------------
    | ram_type           | Distributed                         |          |
    -----------------------------------------------------------------------
    | Port A                                                              |
    |     aspect ratio   | 256-word x 8-bit                    |          |
    |     weA            | connected to signal <GND>           | high     |
    |     addrA          | connected to signal <GND_2_o_GND_2_o_xor_9060_OUT> |          |
    |     diA            | connected to signal <GND>           |          |
    |     doA            | connected to internal node          |          |
    -----------------------------------------------------------------------
INFO:Xst:3218 - HDL ADVISOR - The RAM <Mram_GND_2_o_GND_2_o_wide_mux_10153_OUT> will be implemented on LUTs either because you have described an asynchronous read or because of currently unsupported block RAM features. If you have described an asynchronous read, making it synchronous would allow you to take advantage of available block RAM resources, for optimized device usage and improved timings. Please refer to your documentation for coding guidelines.
    -----------------------------------------------------------------------
    | ram_type           | Distributed                         |          |
    -----------------------------------------------------------------------
    | Port A                                                              |
    |     aspect ratio   | 256-word x 8-bit                    |          |
    |     weA            | connected to signal <GND>           | high     |
    |     addrA          | connected to signal <GND_2_o_GND_2_o_xor_8982_OUT> |          |
    |     diA            | connected to signal <GND>           |          |
    |     doA            | connected to internal node          |          |
    -----------------------------------------------------------------------
INFO:Xst:3218 - HDL ADVISOR - The RAM <Mram_GND_2_o_GND_2_o_wide_mux_10163_OUT> will be implemented on LUTs either because you have described an asynchronous read or because of currently unsupported block RAM features. If you have described an asynchronous read, making it synchronous would allow you to take advantage of available block RAM resources, for optimized device usage and improved timings. Please refer to your documentation for coding guidelines.
    -----------------------------------------------------------------------
    | ram_type           | Distributed                         |          |
    -----------------------------------------------------------------------
    | Port A                                                              |
    |     aspect ratio   | 256-word x 8-bit                    |          |
    |     weA            | connected to signal <GND>           | high     |
    |     addrA          | connected to signal <GND_2_o_GND_2_o_xor_9138_OUT> |          |
    |     diA            | connected to signal <GND>           |          |
    |     doA            | connected to internal node          |          |
    -----------------------------------------------------------------------
INFO:Xst:3218 - HDL ADVISOR - The RAM <Mram_GND_2_o_GND_2_o_wide_mux_10168_OUT> will be implemented on LUTs either because you have described an asynchronous read or because of currently unsupported block RAM features. If you have described an asynchronous read, making it synchronous would allow you to take advantage of available block RAM resources, for optimized device usage and improved timings. Please refer to your documentation for coding guidelines.
    -----------------------------------------------------------------------
    | ram_type           | Distributed                         |          |
    -----------------------------------------------------------------------
    | Port A                                                              |
    |     aspect ratio   | 256-word x 8-bit                    |          |
    |     weA            | connected to signal <GND>           | high     |
    |     addrA          | connected to signal <GND_2_o_GND_2_o_xor_9216_OUT> |          |
    |     diA            | connected to signal <GND>           |          |
    |     doA            | connected to internal node          |          |
    -----------------------------------------------------------------------
INFO:Xst:3218 - HDL ADVISOR - The RAM <Mram_GND_2_o_GND_2_o_wide_mux_10162_OUT> will be implemented on LUTs either because you have described an asynchronous read or because of currently unsupported block RAM features. If you have described an asynchronous read, making it synchronous would allow you to take advantage of available block RAM resources, for optimized device usage and improved timings. Please refer to your documentation for coding guidelines.
    -----------------------------------------------------------------------
    | ram_type           | Distributed                         |          |
    -----------------------------------------------------------------------
    | Port A                                                              |
    |     aspect ratio   | 256-word x 8-bit                    |          |
    |     weA            | connected to signal <GND>           | high     |
    |     addrA          | connected to signal <GND_2_o_GND_2_o_xor_9372_OUT> |          |
    |     diA            | connected to signal <GND>           |          |
    |     doA            | connected to internal node          |          |
    -----------------------------------------------------------------------
INFO:Xst:3218 - HDL ADVISOR - The RAM <Mram_GND_2_o_GND_2_o_wide_mux_10157_OUT> will be implemented on LUTs either because you have described an asynchronous read or because of currently unsupported block RAM features. If you have described an asynchronous read, making it synchronous would allow you to take advantage of available block RAM resources, for optimized device usage and improved timings. Please refer to your documentation for coding guidelines.
    -----------------------------------------------------------------------
    | ram_type           | Distributed                         |          |
    -----------------------------------------------------------------------
    | Port A                                                              |
    |     aspect ratio   | 256-word x 8-bit                    |          |
    |     weA            | connected to signal <GND>           | high     |
    |     addrA          | connected to signal <GND_2_o_GND_2_o_xor_9294_OUT> |          |
    |     diA            | connected to signal <GND>           |          |
    |     doA            | connected to internal node          |          |
    -----------------------------------------------------------------------
INFO:Xst:3218 - HDL ADVISOR - The RAM <Mram_GND_2_o_GND_2_o_wide_mux_10167_OUT> will be implemented on LUTs either because you have described an asynchronous read or because of currently unsupported block RAM features. If you have described an asynchronous read, making it synchronous would allow you to take advantage of available block RAM resources, for optimized device usage and improved timings. Please refer to your documentation for coding guidelines.
    -----------------------------------------------------------------------
    | ram_type           | Distributed                         |          |
    -----------------------------------------------------------------------
    | Port A                                                              |
    |     aspect ratio   | 256-word x 8-bit                    |          |
    |     weA            | connected to signal <GND>           | high     |
    |     addrA          | connected to signal <GND_2_o_GND_2_o_xor_9450_OUT> |          |
    |     diA            | connected to signal <GND>           |          |
    |     doA            | connected to internal node          |          |
    -----------------------------------------------------------------------
INFO:Xst:3218 - HDL ADVISOR - The RAM <Mram_GND_2_o_GND_2_o_wide_mux_10156_OUT> will be implemented on LUTs either because you have described an asynchronous read or because of currently unsupported block RAM features. If you have described an asynchronous read, making it synchronous would allow you to take advantage of available block RAM resources, for optimized device usage and improved timings. Please refer to your documentation for coding guidelines.
    -----------------------------------------------------------------------
    | ram_type           | Distributed                         |          |
    -----------------------------------------------------------------------
    | Port A                                                              |
    |     aspect ratio   | 256-word x 8-bit                    |          |
    |     weA            | connected to signal <GND>           | high     |
    |     addrA          | connected to signal <GND_2_o_GND_2_o_xor_9528_OUT> |          |
    |     diA            | connected to signal <GND>           |          |
    |     doA            | connected to internal node          |          |
    -----------------------------------------------------------------------
INFO:Xst:3218 - HDL ADVISOR - The RAM <Mram_GND_2_o_GND_2_o_wide_mux_10166_OUT> will be implemented on LUTs either because you have described an asynchronous read or because of currently unsupported block RAM features. If you have described an asynchronous read, making it synchronous would allow you to take advantage of available block RAM resources, for optimized device usage and improved timings. Please refer to your documentation for coding guidelines.
    -----------------------------------------------------------------------
    | ram_type           | Distributed                         |          |
    -----------------------------------------------------------------------
    | Port A                                                              |
    |     aspect ratio   | 256-word x 8-bit                    |          |
    |     weA            | connected to signal <GND>           | high     |
    |     addrA          | connected to signal <GND_2_o_GND_2_o_xor_9684_OUT> |          |
    |     diA            | connected to signal <GND>           |          |
    |     doA            | connected to internal node          |          |
    -----------------------------------------------------------------------
INFO:Xst:3218 - HDL ADVISOR - The RAM <Mram_GND_2_o_GND_2_o_wide_mux_10161_OUT> will be implemented on LUTs either because you have described an asynchronous read or because of currently unsupported block RAM features. If you have described an asynchronous read, making it synchronous would allow you to take advantage of available block RAM resources, for optimized device usage and improved timings. Please refer to your documentation for coding guidelines.
    -----------------------------------------------------------------------
    | ram_type           | Distributed                         |          |
    -----------------------------------------------------------------------
    | Port A                                                              |
    |     aspect ratio   | 256-word x 8-bit                    |          |
    |     weA            | connected to signal <GND>           | high     |
    |     addrA          | connected to signal <GND_2_o_GND_2_o_xor_9606_OUT> |          |
    |     diA            | connected to signal <GND>           |          |
    |     doA            | connected to internal node          |          |
    -----------------------------------------------------------------------
INFO:Xst:3218 - HDL ADVISOR - The RAM <Mram_GND_2_o_GND_2_o_wide_mux_10155_OUT> will be implemented on LUTs either because you have described an asynchronous read or because of currently unsupported block RAM features. If you have described an asynchronous read, making it synchronous would allow you to take advantage of available block RAM resources, for optimized device usage and improved timings. Please refer to your documentation for coding guidelines.
    -----------------------------------------------------------------------
    | ram_type           | Distributed                         |          |
    -----------------------------------------------------------------------
    | Port A                                                              |
    |     aspect ratio   | 256-word x 8-bit                    |          |
    |     weA            | connected to signal <GND>           | high     |
    |     addrA          | connected to signal <GND_2_o_GND_2_o_xor_9762_OUT> |          |
    |     diA            | connected to signal <GND>           |          |
    |     doA            | connected to internal node          |          |
    -----------------------------------------------------------------------
INFO:Xst:3218 - HDL ADVISOR - The RAM <Mram_GND_2_o_GND_2_o_wide_mux_10160_OUT> will be implemented on LUTs either because you have described an asynchronous read or because of currently unsupported block RAM features. If you have described an asynchronous read, making it synchronous would allow you to take advantage of available block RAM resources, for optimized device usage and improved timings. Please refer to your documentation for coding guidelines.
    -----------------------------------------------------------------------
    | ram_type           | Distributed                         |          |
    -----------------------------------------------------------------------
    | Port A                                                              |
    |     aspect ratio   | 256-word x 8-bit                    |          |
    |     weA            | connected to signal <GND>           | high     |
    |     addrA          | connected to signal <GND_2_o_GND_2_o_xor_9840_OUT> |          |
    |     diA            | connected to signal <GND>           |          |
    |     doA            | connected to internal node          |          |
    -----------------------------------------------------------------------
INFO:Xst:3218 - HDL ADVISOR - The RAM <Mram_GND_2_o_GND_2_o_wide_mux_10154_OUT> will be implemented on LUTs either because you have described an asynchronous read or because of currently unsupported block RAM features. If you have described an asynchronous read, making it synchronous would allow you to take advantage of available block RAM resources, for optimized device usage and improved timings. Please refer to your documentation for coding guidelines.
    -----------------------------------------------------------------------
    | ram_type           | Distributed                         |          |
    -----------------------------------------------------------------------
    | Port A                                                              |
    |     aspect ratio   | 256-word x 8-bit                    |          |
    |     weA            | connected to signal <GND>           | high     |
    |     addrA          | connected to signal <GND_2_o_GND_2_o_xor_9996_OUT> |          |
    |     diA            | connected to signal <GND>           |          |
    |     doA            | connected to internal node          |          |
    -----------------------------------------------------------------------
INFO:Xst:3218 - HDL ADVISOR - The RAM <Mram_GND_2_o_GND_2_o_wide_mux_10164_OUT> will be implemented on LUTs either because you have described an asynchronous read or because of currently unsupported block RAM features. If you have described an asynchronous read, making it synchronous would allow you to take advantage of available block RAM resources, for optimized device usage and improved timings. Please refer to your documentation for coding guidelines.
    -----------------------------------------------------------------------
    | ram_type           | Distributed                         |          |
    -----------------------------------------------------------------------
    | Port A                                                              |
    |     aspect ratio   | 256-word x 8-bit                    |          |
    |     weA            | connected to signal <GND>           | high     |
    |     addrA          | connected to signal <GND_2_o_GND_2_o_xor_10152_OUT> |          |
    |     diA            | connected to signal <GND>           |          |
    |     doA            | connected to internal node          |          |
    -----------------------------------------------------------------------
INFO:Xst:3218 - HDL ADVISOR - The RAM <Mram_GND_2_o_GND_2_o_wide_mux_10165_OUT> will be implemented on LUTs either because you have described an asynchronous read or because of currently unsupported block RAM features. If you have described an asynchronous read, making it synchronous would allow you to take advantage of available block RAM resources, for optimized device usage and improved timings. Please refer to your documentation for coding guidelines.
    -----------------------------------------------------------------------
    | ram_type           | Distributed                         |          |
    -----------------------------------------------------------------------
    | Port A                                                              |
    |     aspect ratio   | 256-word x 8-bit                    |          |
    |     weA            | connected to signal <GND>           | high     |
    |     addrA          | connected to signal <GND_2_o_GND_2_o_xor_9918_OUT> |          |
    |     diA            | connected to signal <GND>           |          |
    |     doA            | connected to internal node          |          |
    -----------------------------------------------------------------------
INFO:Xst:3218 - HDL ADVISOR - The RAM <Mram_GND_2_o_GND_2_o_wide_mux_10159_OUT> will be implemented on LUTs either because you have described an asynchronous read or because of currently unsupported block RAM features. If you have described an asynchronous read, making it synchronous would allow you to take advantage of available block RAM resources, for optimized device usage and improved timings. Please refer to your documentation for coding guidelines.
    -----------------------------------------------------------------------
    | ram_type           | Distributed                         |          |
    -----------------------------------------------------------------------
    | Port A                                                              |
    |     aspect ratio   | 256-word x 8-bit                    |          |
    |     weA            | connected to signal <GND>           | high     |
    |     addrA          | connected to signal <GND_2_o_GND_2_o_xor_10074_OUT> |          |
    |     diA            | connected to signal <GND>           |          |
    |     doA            | connected to internal node          |          |
    -----------------------------------------------------------------------
INFO:Xst:3218 - HDL ADVISOR - The RAM <Mram_GND_2_o_GND_2_o_wide_mux_11423_OUT> will be implemented on LUTs either because you have described an asynchronous read or because of currently unsupported block RAM features. If you have described an asynchronous read, making it synchronous would allow you to take advantage of available block RAM resources, for optimized device usage and improved timings. Please refer to your documentation for coding guidelines.
    -----------------------------------------------------------------------
    | ram_type           | Distributed                         |          |
    -----------------------------------------------------------------------
    | Port A                                                              |
    |     aspect ratio   | 256-word x 8-bit                    |          |
    |     weA            | connected to signal <GND>           | high     |
    |     addrA          | connected to signal <GND_2_o_GND_2_o_xor_10325_OUT> |          |
    |     diA            | connected to signal <GND>           |          |
    |     doA            | connected to internal node          |          |
    -----------------------------------------------------------------------
INFO:Xst:3218 - HDL ADVISOR - The RAM <Mram_GND_2_o_GND_2_o_wide_mux_11418_OUT> will be implemented on LUTs either because you have described an asynchronous read or because of currently unsupported block RAM features. If you have described an asynchronous read, making it synchronous would allow you to take advantage of available block RAM resources, for optimized device usage and improved timings. Please refer to your documentation for coding guidelines.
    -----------------------------------------------------------------------
    | ram_type           | Distributed                         |          |
    -----------------------------------------------------------------------
    | Port A                                                              |
    |     aspect ratio   | 256-word x 8-bit                    |          |
    |     weA            | connected to signal <GND>           | high     |
    |     addrA          | connected to signal <GND_2_o_GND_2_o_xor_10247_OUT> |          |
    |     diA            | connected to signal <GND>           |          |
    |     doA            | connected to internal node          |          |
    -----------------------------------------------------------------------
INFO:Xst:3218 - HDL ADVISOR - The RAM <Mram_GND_2_o_GND_2_o_wide_mux_11428_OUT> will be implemented on LUTs either because you have described an asynchronous read or because of currently unsupported block RAM features. If you have described an asynchronous read, making it synchronous would allow you to take advantage of available block RAM resources, for optimized device usage and improved timings. Please refer to your documentation for coding guidelines.
    -----------------------------------------------------------------------
    | ram_type           | Distributed                         |          |
    -----------------------------------------------------------------------
    | Port A                                                              |
    |     aspect ratio   | 256-word x 8-bit                    |          |
    |     weA            | connected to signal <GND>           | high     |
    |     addrA          | connected to signal <GND_2_o_GND_2_o_xor_10403_OUT> |          |
    |     diA            | connected to signal <GND>           |          |
    |     doA            | connected to internal node          |          |
    -----------------------------------------------------------------------
INFO:Xst:3218 - HDL ADVISOR - The RAM <Mram_GND_2_o_GND_2_o_wide_mux_11433_OUT> will be implemented on LUTs either because you have described an asynchronous read or because of currently unsupported block RAM features. If you have described an asynchronous read, making it synchronous would allow you to take advantage of available block RAM resources, for optimized device usage and improved timings. Please refer to your documentation for coding guidelines.
    -----------------------------------------------------------------------
    | ram_type           | Distributed                         |          |
    -----------------------------------------------------------------------
    | Port A                                                              |
    |     aspect ratio   | 256-word x 8-bit                    |          |
    |     weA            | connected to signal <GND>           | high     |
    |     addrA          | connected to signal <GND_2_o_GND_2_o_xor_10481_OUT> |          |
    |     diA            | connected to signal <GND>           |          |
    |     doA            | connected to internal node          |          |
    -----------------------------------------------------------------------
INFO:Xst:3218 - HDL ADVISOR - The RAM <Mram_GND_2_o_GND_2_o_wide_mux_11427_OUT> will be implemented on LUTs either because you have described an asynchronous read or because of currently unsupported block RAM features. If you have described an asynchronous read, making it synchronous would allow you to take advantage of available block RAM resources, for optimized device usage and improved timings. Please refer to your documentation for coding guidelines.
    -----------------------------------------------------------------------
    | ram_type           | Distributed                         |          |
    -----------------------------------------------------------------------
    | Port A                                                              |
    |     aspect ratio   | 256-word x 8-bit                    |          |
    |     weA            | connected to signal <GND>           | high     |
    |     addrA          | connected to signal <GND_2_o_GND_2_o_xor_10637_OUT> |          |
    |     diA            | connected to signal <GND>           |          |
    |     doA            | connected to internal node          |          |
    -----------------------------------------------------------------------
INFO:Xst:3218 - HDL ADVISOR - The RAM <Mram_GND_2_o_GND_2_o_wide_mux_11422_OUT> will be implemented on LUTs either because you have described an asynchronous read or because of currently unsupported block RAM features. If you have described an asynchronous read, making it synchronous would allow you to take advantage of available block RAM resources, for optimized device usage and improved timings. Please refer to your documentation for coding guidelines.
    -----------------------------------------------------------------------
    | ram_type           | Distributed                         |          |
    -----------------------------------------------------------------------
    | Port A                                                              |
    |     aspect ratio   | 256-word x 8-bit                    |          |
    |     weA            | connected to signal <GND>           | high     |
    |     addrA          | connected to signal <GND_2_o_GND_2_o_xor_10559_OUT> |          |
    |     diA            | connected to signal <GND>           |          |
    |     doA            | connected to internal node          |          |
    -----------------------------------------------------------------------
INFO:Xst:3218 - HDL ADVISOR - The RAM <Mram_GND_2_o_GND_2_o_wide_mux_11432_OUT> will be implemented on LUTs either because you have described an asynchronous read or because of currently unsupported block RAM features. If you have described an asynchronous read, making it synchronous would allow you to take advantage of available block RAM resources, for optimized device usage and improved timings. Please refer to your documentation for coding guidelines.
    -----------------------------------------------------------------------
    | ram_type           | Distributed                         |          |
    -----------------------------------------------------------------------
    | Port A                                                              |
    |     aspect ratio   | 256-word x 8-bit                    |          |
    |     weA            | connected to signal <GND>           | high     |
    |     addrA          | connected to signal <GND_2_o_GND_2_o_xor_10715_OUT> |          |
    |     diA            | connected to signal <GND>           |          |
    |     doA            | connected to internal node          |          |
    -----------------------------------------------------------------------
INFO:Xst:3218 - HDL ADVISOR - The RAM <Mram_GND_2_o_GND_2_o_wide_mux_11421_OUT> will be implemented on LUTs either because you have described an asynchronous read or because of currently unsupported block RAM features. If you have described an asynchronous read, making it synchronous would allow you to take advantage of available block RAM resources, for optimized device usage and improved timings. Please refer to your documentation for coding guidelines.
    -----------------------------------------------------------------------
    | ram_type           | Distributed                         |          |
    -----------------------------------------------------------------------
    | Port A                                                              |
    |     aspect ratio   | 256-word x 8-bit                    |          |
    |     weA            | connected to signal <GND>           | high     |
    |     addrA          | connected to signal <GND_2_o_GND_2_o_xor_10793_OUT> |          |
    |     diA            | connected to signal <GND>           |          |
    |     doA            | connected to internal node          |          |
    -----------------------------------------------------------------------
INFO:Xst:3218 - HDL ADVISOR - The RAM <Mram_GND_2_o_GND_2_o_wide_mux_11431_OUT> will be implemented on LUTs either because you have described an asynchronous read or because of currently unsupported block RAM features. If you have described an asynchronous read, making it synchronous would allow you to take advantage of available block RAM resources, for optimized device usage and improved timings. Please refer to your documentation for coding guidelines.
    -----------------------------------------------------------------------
    | ram_type           | Distributed                         |          |
    -----------------------------------------------------------------------
    | Port A                                                              |
    |     aspect ratio   | 256-word x 8-bit                    |          |
    |     weA            | connected to signal <GND>           | high     |
    |     addrA          | connected to signal <GND_2_o_GND_2_o_xor_10949_OUT> |          |
    |     diA            | connected to signal <GND>           |          |
    |     doA            | connected to internal node          |          |
    -----------------------------------------------------------------------
INFO:Xst:3218 - HDL ADVISOR - The RAM <Mram_GND_2_o_GND_2_o_wide_mux_11426_OUT> will be implemented on LUTs either because you have described an asynchronous read or because of currently unsupported block RAM features. If you have described an asynchronous read, making it synchronous would allow you to take advantage of available block RAM resources, for optimized device usage and improved timings. Please refer to your documentation for coding guidelines.
    -----------------------------------------------------------------------
    | ram_type           | Distributed                         |          |
    -----------------------------------------------------------------------
    | Port A                                                              |
    |     aspect ratio   | 256-word x 8-bit                    |          |
    |     weA            | connected to signal <GND>           | high     |
    |     addrA          | connected to signal <GND_2_o_GND_2_o_xor_10871_OUT> |          |
    |     diA            | connected to signal <GND>           |          |
    |     doA            | connected to internal node          |          |
    -----------------------------------------------------------------------
INFO:Xst:3218 - HDL ADVISOR - The RAM <Mram_GND_2_o_GND_2_o_wide_mux_11420_OUT> will be implemented on LUTs either because you have described an asynchronous read or because of currently unsupported block RAM features. If you have described an asynchronous read, making it synchronous would allow you to take advantage of available block RAM resources, for optimized device usage and improved timings. Please refer to your documentation for coding guidelines.
    -----------------------------------------------------------------------
    | ram_type           | Distributed                         |          |
    -----------------------------------------------------------------------
    | Port A                                                              |
    |     aspect ratio   | 256-word x 8-bit                    |          |
    |     weA            | connected to signal <GND>           | high     |
    |     addrA          | connected to signal <GND_2_o_GND_2_o_xor_11027_OUT> |          |
    |     diA            | connected to signal <GND>           |          |
    |     doA            | connected to internal node          |          |
    -----------------------------------------------------------------------
INFO:Xst:3218 - HDL ADVISOR - The RAM <Mram_GND_2_o_GND_2_o_wide_mux_11425_OUT> will be implemented on LUTs either because you have described an asynchronous read or because of currently unsupported block RAM features. If you have described an asynchronous read, making it synchronous would allow you to take advantage of available block RAM resources, for optimized device usage and improved timings. Please refer to your documentation for coding guidelines.
    -----------------------------------------------------------------------
    | ram_type           | Distributed                         |          |
    -----------------------------------------------------------------------
    | Port A                                                              |
    |     aspect ratio   | 256-word x 8-bit                    |          |
    |     weA            | connected to signal <GND>           | high     |
    |     addrA          | connected to signal <GND_2_o_GND_2_o_xor_11105_OUT> |          |
    |     diA            | connected to signal <GND>           |          |
    |     doA            | connected to internal node          |          |
    -----------------------------------------------------------------------
INFO:Xst:3218 - HDL ADVISOR - The RAM <Mram_GND_2_o_GND_2_o_wide_mux_11419_OUT> will be implemented on LUTs either because you have described an asynchronous read or because of currently unsupported block RAM features. If you have described an asynchronous read, making it synchronous would allow you to take advantage of available block RAM resources, for optimized device usage and improved timings. Please refer to your documentation for coding guidelines.
    -----------------------------------------------------------------------
    | ram_type           | Distributed                         |          |
    -----------------------------------------------------------------------
    | Port A                                                              |
    |     aspect ratio   | 256-word x 8-bit                    |          |
    |     weA            | connected to signal <GND>           | high     |
    |     addrA          | connected to signal <GND_2_o_GND_2_o_xor_11261_OUT> |          |
    |     diA            | connected to signal <GND>           |          |
    |     doA            | connected to internal node          |          |
    -----------------------------------------------------------------------
INFO:Xst:3218 - HDL ADVISOR - The RAM <Mram_GND_2_o_GND_2_o_wide_mux_11430_OUT> will be implemented on LUTs either because you have described an asynchronous read or because of currently unsupported block RAM features. If you have described an asynchronous read, making it synchronous would allow you to take advantage of available block RAM resources, for optimized device usage and improved timings. Please refer to your documentation for coding guidelines.
    -----------------------------------------------------------------------
    | ram_type           | Distributed                         |          |
    -----------------------------------------------------------------------
    | Port A                                                              |
    |     aspect ratio   | 256-word x 8-bit                    |          |
    |     weA            | connected to signal <GND>           | high     |
    |     addrA          | connected to signal <GND_2_o_GND_2_o_xor_11183_OUT> |          |
    |     diA            | connected to signal <GND>           |          |
    |     doA            | connected to internal node          |          |
    -----------------------------------------------------------------------
INFO:Xst:3218 - HDL ADVISOR - The RAM <Mram_GND_2_o_GND_2_o_wide_mux_11424_OUT> will be implemented on LUTs either because you have described an asynchronous read or because of currently unsupported block RAM features. If you have described an asynchronous read, making it synchronous would allow you to take advantage of available block RAM resources, for optimized device usage and improved timings. Please refer to your documentation for coding guidelines.
    -----------------------------------------------------------------------
    | ram_type           | Distributed                         |          |
    -----------------------------------------------------------------------
    | Port A                                                              |
    |     aspect ratio   | 256-word x 8-bit                    |          |
    |     weA            | connected to signal <GND>           | high     |
    |     addrA          | connected to signal <GND_2_o_GND_2_o_xor_11339_OUT> |          |
    |     diA            | connected to signal <GND>           |          |
    |     doA            | connected to internal node          |          |
    -----------------------------------------------------------------------
INFO:Xst:3218 - HDL ADVISOR - The RAM <Mram_GND_2_o_GND_2_o_wide_mux_11429_OUT> will be implemented on LUTs either because you have described an asynchronous read or because of currently unsupported block RAM features. If you have described an asynchronous read, making it synchronous would allow you to take advantage of available block RAM resources, for optimized device usage and improved timings. Please refer to your documentation for coding guidelines.
    -----------------------------------------------------------------------
    | ram_type           | Distributed                         |          |
    -----------------------------------------------------------------------
    | Port A                                                              |
    |     aspect ratio   | 256-word x 8-bit                    |          |
    |     weA            | connected to signal <GND>           | high     |
    |     addrA          | connected to signal <GND_2_o_GND_2_o_xor_11417_OUT> |          |
    |     diA            | connected to signal <GND>           |          |
    |     doA            | connected to internal node          |          |
    -----------------------------------------------------------------------
INFO:Xst:3218 - HDL ADVISOR - The RAM <Mram_GND_2_o_GND_2_o_wide_mux_12688_OUT> will be implemented on LUTs either because you have described an asynchronous read or because of currently unsupported block RAM features. If you have described an asynchronous read, making it synchronous would allow you to take advantage of available block RAM resources, for optimized device usage and improved timings. Please refer to your documentation for coding guidelines.
    -----------------------------------------------------------------------
    | ram_type           | Distributed                         |          |
    -----------------------------------------------------------------------
    | Port A                                                              |
    |     aspect ratio   | 256-word x 8-bit                    |          |
    |     weA            | connected to signal <GND>           | high     |
    |     addrA          | connected to signal <GND_2_o_GND_2_o_xor_11590_OUT> |          |
    |     diA            | connected to signal <GND>           |          |
    |     doA            | connected to internal node          |          |
    -----------------------------------------------------------------------
INFO:Xst:3218 - HDL ADVISOR - The RAM <Mram_GND_2_o_GND_2_o_wide_mux_12683_OUT> will be implemented on LUTs either because you have described an asynchronous read or because of currently unsupported block RAM features. If you have described an asynchronous read, making it synchronous would allow you to take advantage of available block RAM resources, for optimized device usage and improved timings. Please refer to your documentation for coding guidelines.
    -----------------------------------------------------------------------
    | ram_type           | Distributed                         |          |
    -----------------------------------------------------------------------
    | Port A                                                              |
    |     aspect ratio   | 256-word x 8-bit                    |          |
    |     weA            | connected to signal <GND>           | high     |
    |     addrA          | connected to signal <GND_2_o_GND_2_o_xor_11512_OUT> |          |
    |     diA            | connected to signal <GND>           |          |
    |     doA            | connected to internal node          |          |
    -----------------------------------------------------------------------
INFO:Xst:3218 - HDL ADVISOR - The RAM <Mram_GND_2_o_GND_2_o_wide_mux_12693_OUT> will be implemented on LUTs either because you have described an asynchronous read or because of currently unsupported block RAM features. If you have described an asynchronous read, making it synchronous would allow you to take advantage of available block RAM resources, for optimized device usage and improved timings. Please refer to your documentation for coding guidelines.
    -----------------------------------------------------------------------
    | ram_type           | Distributed                         |          |
    -----------------------------------------------------------------------
    | Port A                                                              |
    |     aspect ratio   | 256-word x 8-bit                    |          |
    |     weA            | connected to signal <GND>           | high     |
    |     addrA          | connected to signal <GND_2_o_GND_2_o_xor_11668_OUT> |          |
    |     diA            | connected to signal <GND>           |          |
    |     doA            | connected to internal node          |          |
    -----------------------------------------------------------------------
INFO:Xst:3218 - HDL ADVISOR - The RAM <Mram_GND_2_o_GND_2_o_wide_mux_12698_OUT> will be implemented on LUTs either because you have described an asynchronous read or because of currently unsupported block RAM features. If you have described an asynchronous read, making it synchronous would allow you to take advantage of available block RAM resources, for optimized device usage and improved timings. Please refer to your documentation for coding guidelines.
    -----------------------------------------------------------------------
    | ram_type           | Distributed                         |          |
    -----------------------------------------------------------------------
    | Port A                                                              |
    |     aspect ratio   | 256-word x 8-bit                    |          |
    |     weA            | connected to signal <GND>           | high     |
    |     addrA          | connected to signal <GND_2_o_GND_2_o_xor_11746_OUT> |          |
    |     diA            | connected to signal <GND>           |          |
    |     doA            | connected to internal node          |          |
    -----------------------------------------------------------------------
INFO:Xst:3218 - HDL ADVISOR - The RAM <Mram_GND_2_o_GND_2_o_wide_mux_12692_OUT> will be implemented on LUTs either because you have described an asynchronous read or because of currently unsupported block RAM features. If you have described an asynchronous read, making it synchronous would allow you to take advantage of available block RAM resources, for optimized device usage and improved timings. Please refer to your documentation for coding guidelines.
    -----------------------------------------------------------------------
    | ram_type           | Distributed                         |          |
    -----------------------------------------------------------------------
    | Port A                                                              |
    |     aspect ratio   | 256-word x 8-bit                    |          |
    |     weA            | connected to signal <GND>           | high     |
    |     addrA          | connected to signal <GND_2_o_GND_2_o_xor_11902_OUT> |          |
    |     diA            | connected to signal <GND>           |          |
    |     doA            | connected to internal node          |          |
    -----------------------------------------------------------------------
INFO:Xst:3218 - HDL ADVISOR - The RAM <Mram_GND_2_o_GND_2_o_wide_mux_12687_OUT> will be implemented on LUTs either because you have described an asynchronous read or because of currently unsupported block RAM features. If you have described an asynchronous read, making it synchronous would allow you to take advantage of available block RAM resources, for optimized device usage and improved timings. Please refer to your documentation for coding guidelines.
    -----------------------------------------------------------------------
    | ram_type           | Distributed                         |          |
    -----------------------------------------------------------------------
    | Port A                                                              |
    |     aspect ratio   | 256-word x 8-bit                    |          |
    |     weA            | connected to signal <GND>           | high     |
    |     addrA          | connected to signal <GND_2_o_GND_2_o_xor_11824_OUT> |          |
    |     diA            | connected to signal <GND>           |          |
    |     doA            | connected to internal node          |          |
    -----------------------------------------------------------------------
INFO:Xst:3218 - HDL ADVISOR - The RAM <Mram_GND_2_o_GND_2_o_wide_mux_12697_OUT> will be implemented on LUTs either because you have described an asynchronous read or because of currently unsupported block RAM features. If you have described an asynchronous read, making it synchronous would allow you to take advantage of available block RAM resources, for optimized device usage and improved timings. Please refer to your documentation for coding guidelines.
    -----------------------------------------------------------------------
    | ram_type           | Distributed                         |          |
    -----------------------------------------------------------------------
    | Port A                                                              |
    |     aspect ratio   | 256-word x 8-bit                    |          |
    |     weA            | connected to signal <GND>           | high     |
    |     addrA          | connected to signal <GND_2_o_GND_2_o_xor_11980_OUT> |          |
    |     diA            | connected to signal <GND>           |          |
    |     doA            | connected to internal node          |          |
    -----------------------------------------------------------------------
INFO:Xst:3218 - HDL ADVISOR - The RAM <Mram_GND_2_o_GND_2_o_wide_mux_12686_OUT> will be implemented on LUTs either because you have described an asynchronous read or because of currently unsupported block RAM features. If you have described an asynchronous read, making it synchronous would allow you to take advantage of available block RAM resources, for optimized device usage and improved timings. Please refer to your documentation for coding guidelines.
    -----------------------------------------------------------------------
    | ram_type           | Distributed                         |          |
    -----------------------------------------------------------------------
    | Port A                                                              |
    |     aspect ratio   | 256-word x 8-bit                    |          |
    |     weA            | connected to signal <GND>           | high     |
    |     addrA          | connected to signal <GND_2_o_GND_2_o_xor_12058_OUT> |          |
    |     diA            | connected to signal <GND>           |          |
    |     doA            | connected to internal node          |          |
    -----------------------------------------------------------------------
INFO:Xst:3218 - HDL ADVISOR - The RAM <Mram_GND_2_o_GND_2_o_wide_mux_12696_OUT> will be implemented on LUTs either because you have described an asynchronous read or because of currently unsupported block RAM features. If you have described an asynchronous read, making it synchronous would allow you to take advantage of available block RAM resources, for optimized device usage and improved timings. Please refer to your documentation for coding guidelines.
    -----------------------------------------------------------------------
    | ram_type           | Distributed                         |          |
    -----------------------------------------------------------------------
    | Port A                                                              |
    |     aspect ratio   | 256-word x 8-bit                    |          |
    |     weA            | connected to signal <GND>           | high     |
    |     addrA          | connected to signal <GND_2_o_GND_2_o_xor_12214_OUT> |          |
    |     diA            | connected to signal <GND>           |          |
    |     doA            | connected to internal node          |          |
    -----------------------------------------------------------------------
INFO:Xst:3218 - HDL ADVISOR - The RAM <Mram_GND_2_o_GND_2_o_wide_mux_12691_OUT> will be implemented on LUTs either because you have described an asynchronous read or because of currently unsupported block RAM features. If you have described an asynchronous read, making it synchronous would allow you to take advantage of available block RAM resources, for optimized device usage and improved timings. Please refer to your documentation for coding guidelines.
    -----------------------------------------------------------------------
    | ram_type           | Distributed                         |          |
    -----------------------------------------------------------------------
    | Port A                                                              |
    |     aspect ratio   | 256-word x 8-bit                    |          |
    |     weA            | connected to signal <GND>           | high     |
    |     addrA          | connected to signal <GND_2_o_GND_2_o_xor_12136_OUT> |          |
    |     diA            | connected to signal <GND>           |          |
    |     doA            | connected to internal node          |          |
    -----------------------------------------------------------------------
INFO:Xst:3218 - HDL ADVISOR - The RAM <Mram_GND_2_o_GND_2_o_wide_mux_12685_OUT> will be implemented on LUTs either because you have described an asynchronous read or because of currently unsupported block RAM features. If you have described an asynchronous read, making it synchronous would allow you to take advantage of available block RAM resources, for optimized device usage and improved timings. Please refer to your documentation for coding guidelines.
    -----------------------------------------------------------------------
    | ram_type           | Distributed                         |          |
    -----------------------------------------------------------------------
    | Port A                                                              |
    |     aspect ratio   | 256-word x 8-bit                    |          |
    |     weA            | connected to signal <GND>           | high     |
    |     addrA          | connected to signal <GND_2_o_GND_2_o_xor_12292_OUT> |          |
    |     diA            | connected to signal <GND>           |          |
    |     doA            | connected to internal node          |          |
    -----------------------------------------------------------------------
INFO:Xst:3218 - HDL ADVISOR - The RAM <Mram_GND_2_o_GND_2_o_wide_mux_12690_OUT> will be implemented on LUTs either because you have described an asynchronous read or because of currently unsupported block RAM features. If you have described an asynchronous read, making it synchronous would allow you to take advantage of available block RAM resources, for optimized device usage and improved timings. Please refer to your documentation for coding guidelines.
    -----------------------------------------------------------------------
    | ram_type           | Distributed                         |          |
    -----------------------------------------------------------------------
    | Port A                                                              |
    |     aspect ratio   | 256-word x 8-bit                    |          |
    |     weA            | connected to signal <GND>           | high     |
    |     addrA          | connected to signal <GND_2_o_GND_2_o_xor_12370_OUT> |          |
    |     diA            | connected to signal <GND>           |          |
    |     doA            | connected to internal node          |          |
    -----------------------------------------------------------------------
INFO:Xst:3218 - HDL ADVISOR - The RAM <Mram_GND_2_o_GND_2_o_wide_mux_12684_OUT> will be implemented on LUTs either because you have described an asynchronous read or because of currently unsupported block RAM features. If you have described an asynchronous read, making it synchronous would allow you to take advantage of available block RAM resources, for optimized device usage and improved timings. Please refer to your documentation for coding guidelines.
    -----------------------------------------------------------------------
    | ram_type           | Distributed                         |          |
    -----------------------------------------------------------------------
    | Port A                                                              |
    |     aspect ratio   | 256-word x 8-bit                    |          |
    |     weA            | connected to signal <GND>           | high     |
    |     addrA          | connected to signal <GND_2_o_GND_2_o_xor_12526_OUT> |          |
    |     diA            | connected to signal <GND>           |          |
    |     doA            | connected to internal node          |          |
    -----------------------------------------------------------------------
INFO:Xst:3218 - HDL ADVISOR - The RAM <Mram_GND_2_o_GND_2_o_wide_mux_12695_OUT> will be implemented on LUTs either because you have described an asynchronous read or because of currently unsupported block RAM features. If you have described an asynchronous read, making it synchronous would allow you to take advantage of available block RAM resources, for optimized device usage and improved timings. Please refer to your documentation for coding guidelines.
    -----------------------------------------------------------------------
    | ram_type           | Distributed                         |          |
    -----------------------------------------------------------------------
    | Port A                                                              |
    |     aspect ratio   | 256-word x 8-bit                    |          |
    |     weA            | connected to signal <GND>           | high     |
    |     addrA          | connected to signal <GND_2_o_GND_2_o_xor_12448_OUT> |          |
    |     diA            | connected to signal <GND>           |          |
    |     doA            | connected to internal node          |          |
    -----------------------------------------------------------------------
INFO:Xst:3218 - HDL ADVISOR - The RAM <Mram_GND_2_o_GND_2_o_wide_mux_12689_OUT> will be implemented on LUTs either because you have described an asynchronous read or because of currently unsupported block RAM features. If you have described an asynchronous read, making it synchronous would allow you to take advantage of available block RAM resources, for optimized device usage and improved timings. Please refer to your documentation for coding guidelines.
    -----------------------------------------------------------------------
    | ram_type           | Distributed                         |          |
    -----------------------------------------------------------------------
    | Port A                                                              |
    |     aspect ratio   | 256-word x 8-bit                    |          |
    |     weA            | connected to signal <GND>           | high     |
    |     addrA          | connected to signal <GND_2_o_GND_2_o_xor_12604_OUT> |          |
    |     diA            | connected to signal <GND>           |          |
    |     doA            | connected to internal node          |          |
    -----------------------------------------------------------------------
INFO:Xst:3218 - HDL ADVISOR - The RAM <Mram_GND_2_o_GND_2_o_wide_mux_12694_OUT> will be implemented on LUTs either because you have described an asynchronous read or because of currently unsupported block RAM features. If you have described an asynchronous read, making it synchronous would allow you to take advantage of available block RAM resources, for optimized device usage and improved timings. Please refer to your documentation for coding guidelines.
    -----------------------------------------------------------------------
    | ram_type           | Distributed                         |          |
    -----------------------------------------------------------------------
    | Port A                                                              |
    |     aspect ratio   | 256-word x 8-bit                    |          |
    |     weA            | connected to signal <GND>           | high     |
    |     addrA          | connected to signal <GND_2_o_GND_2_o_xor_12682_OUT> |          |
    |     diA            | connected to signal <GND>           |          |
    |     doA            | connected to internal node          |          |
    -----------------------------------------------------------------------
Unit <aes_top> synthesized (advanced).

=========================================================================
Advanced HDL Synthesis Report

Macro Statistics
# RAMs                                                 : 177
 16x128-bit single-port distributed Read Only RAM      : 1
 256x8-bit single-port distributed Read Only RAM       : 176
# Adders/Subtractors                                   : 1
 4-bit adder                                           : 1
# Registers                                            : 520
 Flip-Flops                                            : 520
# Comparators                                          : 1
 4-bit comparator greater                              : 1
# Multiplexers                                         : 4995
 128-bit 2-to-1 multiplexer                            : 1
 16-bit 2-to-1 multiplexer                             : 4992
 4-bit 2-to-1 multiplexer                              : 2
# Xors                                                 : 5933
 128-bit xor2                                          : 13
 16-bit xor2                                           : 5328
 16-bit xor3                                           : 288
 16-bit xor4                                           : 144
 8-bit xor4                                            : 160

=========================================================================

=========================================================================
*                         Low Level Synthesis                           *
=========================================================================

Optimizing unit <aes_fpga_top> ...

Optimizing unit <aes_top> ...
WARNING:Xst:2677 - Node <core/decryptedtext_127> of sequential type is unconnected in block <aes_fpga_top>.
WARNING:Xst:2677 - Node <core/decryptedtext_126> of sequential type is unconnected in block <aes_fpga_top>.
WARNING:Xst:2677 - Node <core/decryptedtext_125> of sequential type is unconnected in block <aes_fpga_top>.
WARNING:Xst:2677 - Node <core/decryptedtext_124> of sequential type is unconnected in block <aes_fpga_top>.
WARNING:Xst:2677 - Node <core/decryptedtext_123> of sequential type is unconnected in block <aes_fpga_top>.
WARNING:Xst:2677 - Node <core/decryptedtext_122> of sequential type is unconnected in block <aes_fpga_top>.
WARNING:Xst:2677 - Node <core/decryptedtext_121> of sequential type is unconnected in block <aes_fpga_top>.
WARNING:Xst:2677 - Node <core/decryptedtext_120> of sequential type is unconnected in block <aes_fpga_top>.
WARNING:Xst:2677 - Node <core/decryptedtext_119> of sequential type is unconnected in block <aes_fpga_top>.
WARNING:Xst:2677 - Node <core/decryptedtext_118> of sequential type is unconnected in block <aes_fpga_top>.
WARNING:Xst:2677 - Node <core/decryptedtext_117> of sequential type is unconnected in block <aes_fpga_top>.
WARNING:Xst:2677 - Node <core/decryptedtext_116> of sequential type is unconnected in block <aes_fpga_top>.
WARNING:Xst:2677 - Node <core/decryptedtext_115> of sequential type is unconnected in block <aes_fpga_top>.
WARNING:Xst:2677 - Node <core/decryptedtext_114> of sequential type is unconnected in block <aes_fpga_top>.
WARNING:Xst:2677 - Node <core/decryptedtext_113> of sequential type is unconnected in block <aes_fpga_top>.
WARNING:Xst:2677 - Node <core/decryptedtext_112> of sequential type is unconnected in block <aes_fpga_top>.
WARNING:Xst:2677 - Node <core/decryptedtext_111> of sequential type is unconnected in block <aes_fpga_top>.
WARNING:Xst:2677 - Node <core/decryptedtext_110> of sequential type is unconnected in block <aes_fpga_top>.
WARNING:Xst:2677 - Node <core/decryptedtext_109> of sequential type is unconnected in block <aes_fpga_top>.
WARNING:Xst:2677 - Node <core/decryptedtext_108> of sequential type is unconnected in block <aes_fpga_top>.
WARNING:Xst:2677 - Node <core/decryptedtext_107> of sequential type is unconnected in block <aes_fpga_top>.
WARNING:Xst:2677 - Node <core/decryptedtext_106> of sequential type is unconnected in block <aes_fpga_top>.
WARNING:Xst:2677 - Node <core/decryptedtext_105> of sequential type is unconnected in block <aes_fpga_top>.
WARNING:Xst:2677 - Node <core/decryptedtext_104> of sequential type is unconnected in block <aes_fpga_top>.
WARNING:Xst:2677 - Node <core/decryptedtext_103> of sequential type is unconnected in block <aes_fpga_top>.
WARNING:Xst:2677 - Node <core/decryptedtext_102> of sequential type is unconnected in block <aes_fpga_top>.
WARNING:Xst:2677 - Node <core/decryptedtext_101> of sequential type is unconnected in block <aes_fpga_top>.
WARNING:Xst:2677 - Node <core/decryptedtext_100> of sequential type is unconnected in block <aes_fpga_top>.
WARNING:Xst:2677 - Node <core/decryptedtext_99> of sequential type is unconnected in block <aes_fpga_top>.
WARNING:Xst:2677 - Node <core/decryptedtext_98> of sequential type is unconnected in block <aes_fpga_top>.
WARNING:Xst:2677 - Node <core/decryptedtext_97> of sequential type is unconnected in block <aes_fpga_top>.
WARNING:Xst:2677 - Node <core/decryptedtext_96> of sequential type is unconnected in block <aes_fpga_top>.
WARNING:Xst:2677 - Node <core/decryptedtext_95> of sequential type is unconnected in block <aes_fpga_top>.
WARNING:Xst:2677 - Node <core/decryptedtext_94> of sequential type is unconnected in block <aes_fpga_top>.
WARNING:Xst:2677 - Node <core/decryptedtext_93> of sequential type is unconnected in block <aes_fpga_top>.
WARNING:Xst:2677 - Node <core/decryptedtext_92> of sequential type is unconnected in block <aes_fpga_top>.
WARNING:Xst:2677 - Node <core/decryptedtext_91> of sequential type is unconnected in block <aes_fpga_top>.
WARNING:Xst:2677 - Node <core/decryptedtext_90> of sequential type is unconnected in block <aes_fpga_top>.
WARNING:Xst:2677 - Node <core/decryptedtext_89> of sequential type is unconnected in block <aes_fpga_top>.
WARNING:Xst:2677 - Node <core/decryptedtext_88> of sequential type is unconnected in block <aes_fpga_top>.
WARNING:Xst:2677 - Node <core/decryptedtext_87> of sequential type is unconnected in block <aes_fpga_top>.
WARNING:Xst:2677 - Node <core/decryptedtext_86> of sequential type is unconnected in block <aes_fpga_top>.
WARNING:Xst:2677 - Node <core/decryptedtext_85> of sequential type is unconnected in block <aes_fpga_top>.
WARNING:Xst:2677 - Node <core/decryptedtext_84> of sequential type is unconnected in block <aes_fpga_top>.
WARNING:Xst:2677 - Node <core/decryptedtext_83> of sequential type is unconnected in block <aes_fpga_top>.
WARNING:Xst:2677 - Node <core/decryptedtext_82> of sequential type is unconnected in block <aes_fpga_top>.
WARNING:Xst:2677 - Node <core/decryptedtext_81> of sequential type is unconnected in block <aes_fpga_top>.
WARNING:Xst:2677 - Node <core/decryptedtext_80> of sequential type is unconnected in block <aes_fpga_top>.
WARNING:Xst:2677 - Node <core/decryptedtext_79> of sequential type is unconnected in block <aes_fpga_top>.
WARNING:Xst:2677 - Node <core/decryptedtext_78> of sequential type is unconnected in block <aes_fpga_top>.
WARNING:Xst:2677 - Node <core/decryptedtext_77> of sequential type is unconnected in block <aes_fpga_top>.
WARNING:Xst:2677 - Node <core/decryptedtext_76> of sequential type is unconnected in block <aes_fpga_top>.
WARNING:Xst:2677 - Node <core/decryptedtext_75> of sequential type is unconnected in block <aes_fpga_top>.
WARNING:Xst:2677 - Node <core/decryptedtext_74> of sequential type is unconnected in block <aes_fpga_top>.
WARNING:Xst:2677 - Node <core/decryptedtext_73> of sequential type is unconnected in block <aes_fpga_top>.
WARNING:Xst:2677 - Node <core/decryptedtext_72> of sequential type is unconnected in block <aes_fpga_top>.
WARNING:Xst:2677 - Node <core/decryptedtext_71> of sequential type is unconnected in block <aes_fpga_top>.
WARNING:Xst:2677 - Node <core/decryptedtext_70> of sequential type is unconnected in block <aes_fpga_top>.
WARNING:Xst:2677 - Node <core/decryptedtext_69> of sequential type is unconnected in block <aes_fpga_top>.
WARNING:Xst:2677 - Node <core/decryptedtext_68> of sequential type is unconnected in block <aes_fpga_top>.
WARNING:Xst:2677 - Node <core/decryptedtext_67> of sequential type is unconnected in block <aes_fpga_top>.
WARNING:Xst:2677 - Node <core/decryptedtext_66> of sequential type is unconnected in block <aes_fpga_top>.
WARNING:Xst:2677 - Node <core/decryptedtext_65> of sequential type is unconnected in block <aes_fpga_top>.
WARNING:Xst:2677 - Node <core/decryptedtext_64> of sequential type is unconnected in block <aes_fpga_top>.
WARNING:Xst:2677 - Node <core/decryptedtext_63> of sequential type is unconnected in block <aes_fpga_top>.
WARNING:Xst:2677 - Node <core/decryptedtext_62> of sequential type is unconnected in block <aes_fpga_top>.
WARNING:Xst:2677 - Node <core/decryptedtext_61> of sequential type is unconnected in block <aes_fpga_top>.
WARNING:Xst:2677 - Node <core/decryptedtext_60> of sequential type is unconnected in block <aes_fpga_top>.
WARNING:Xst:2677 - Node <core/decryptedtext_59> of sequential type is unconnected in block <aes_fpga_top>.
WARNING:Xst:2677 - Node <core/decryptedtext_58> of sequential type is unconnected in block <aes_fpga_top>.
WARNING:Xst:2677 - Node <core/decryptedtext_57> of sequential type is unconnected in block <aes_fpga_top>.
WARNING:Xst:2677 - Node <core/decryptedtext_56> of sequential type is unconnected in block <aes_fpga_top>.
WARNING:Xst:2677 - Node <core/decryptedtext_55> of sequential type is unconnected in block <aes_fpga_top>.
WARNING:Xst:2677 - Node <core/decryptedtext_54> of sequential type is unconnected in block <aes_fpga_top>.
WARNING:Xst:2677 - Node <core/decryptedtext_53> of sequential type is unconnected in block <aes_fpga_top>.
WARNING:Xst:2677 - Node <core/decryptedtext_52> of sequential type is unconnected in block <aes_fpga_top>.
WARNING:Xst:2677 - Node <core/decryptedtext_51> of sequential type is unconnected in block <aes_fpga_top>.
WARNING:Xst:2677 - Node <core/decryptedtext_50> of sequential type is unconnected in block <aes_fpga_top>.
WARNING:Xst:2677 - Node <core/decryptedtext_49> of sequential type is unconnected in block <aes_fpga_top>.
WARNING:Xst:2677 - Node <core/decryptedtext_48> of sequential type is unconnected in block <aes_fpga_top>.
WARNING:Xst:2677 - Node <core/decryptedtext_47> of sequential type is unconnected in block <aes_fpga_top>.
WARNING:Xst:2677 - Node <core/decryptedtext_46> of sequential type is unconnected in block <aes_fpga_top>.
WARNING:Xst:2677 - Node <core/decryptedtext_45> of sequential type is unconnected in block <aes_fpga_top>.
WARNING:Xst:2677 - Node <core/decryptedtext_44> of sequential type is unconnected in block <aes_fpga_top>.
WARNING:Xst:2677 - Node <core/decryptedtext_43> of sequential type is unconnected in block <aes_fpga_top>.
WARNING:Xst:2677 - Node <core/decryptedtext_42> of sequential type is unconnected in block <aes_fpga_top>.
WARNING:Xst:2677 - Node <core/decryptedtext_41> of sequential type is unconnected in block <aes_fpga_top>.
WARNING:Xst:2677 - Node <core/decryptedtext_40> of sequential type is unconnected in block <aes_fpga_top>.
WARNING:Xst:2677 - Node <core/decryptedtext_39> of sequential type is unconnected in block <aes_fpga_top>.
WARNING:Xst:2677 - Node <core/decryptedtext_38> of sequential type is unconnected in block <aes_fpga_top>.
WARNING:Xst:2677 - Node <core/decryptedtext_37> of sequential type is unconnected in block <aes_fpga_top>.
WARNING:Xst:2677 - Node <core/decryptedtext_36> of sequential type is unconnected in block <aes_fpga_top>.
WARNING:Xst:2677 - Node <core/decryptedtext_35> of sequential type is unconnected in block <aes_fpga_top>.
WARNING:Xst:2677 - Node <core/decryptedtext_34> of sequential type is unconnected in block <aes_fpga_top>.
WARNING:Xst:2677 - Node <core/decryptedtext_33> of sequential type is unconnected in block <aes_fpga_top>.
WARNING:Xst:2677 - Node <core/decryptedtext_32> of sequential type is unconnected in block <aes_fpga_top>.
WARNING:Xst:2677 - Node <core/decryptedtext_31> of sequential type is unconnected in block <aes_fpga_top>.
WARNING:Xst:2677 - Node <core/decryptedtext_30> of sequential type is unconnected in block <aes_fpga_top>.
WARNING:Xst:2677 - Node <core/decryptedtext_29> of sequential type is unconnected in block <aes_fpga_top>.
WARNING:Xst:2677 - Node <core/decryptedtext_28> of sequential type is unconnected in block <aes_fpga_top>.
WARNING:Xst:2677 - Node <core/decryptedtext_27> of sequential type is unconnected in block <aes_fpga_top>.
WARNING:Xst:2677 - Node <core/decryptedtext_26> of sequential type is unconnected in block <aes_fpga_top>.
WARNING:Xst:2677 - Node <core/decryptedtext_25> of sequential type is unconnected in block <aes_fpga_top>.
WARNING:Xst:2677 - Node <core/decryptedtext_24> of sequential type is unconnected in block <aes_fpga_top>.
WARNING:Xst:2677 - Node <core/decryptedtext_23> of sequential type is unconnected in block <aes_fpga_top>.
WARNING:Xst:2677 - Node <core/decryptedtext_22> of sequential type is unconnected in block <aes_fpga_top>.
WARNING:Xst:2677 - Node <core/decryptedtext_21> of sequential type is unconnected in block <aes_fpga_top>.
WARNING:Xst:2677 - Node <core/decryptedtext_20> of sequential type is unconnected in block <aes_fpga_top>.
WARNING:Xst:2677 - Node <core/decryptedtext_19> of sequential type is unconnected in block <aes_fpga_top>.
WARNING:Xst:2677 - Node <core/decryptedtext_18> of sequential type is unconnected in block <aes_fpga_top>.
WARNING:Xst:2677 - Node <core/decryptedtext_17> of sequential type is unconnected in block <aes_fpga_top>.
WARNING:Xst:2677 - Node <core/decryptedtext_16> of sequential type is unconnected in block <aes_fpga_top>.
WARNING:Xst:2677 - Node <core/decryptedtext_15> of sequential type is unconnected in block <aes_fpga_top>.
WARNING:Xst:2677 - Node <core/decryptedtext_14> of sequential type is unconnected in block <aes_fpga_top>.
WARNING:Xst:2677 - Node <core/decryptedtext_13> of sequential type is unconnected in block <aes_fpga_top>.
WARNING:Xst:2677 - Node <core/decryptedtext_12> of sequential type is unconnected in block <aes_fpga_top>.
WARNING:Xst:2677 - Node <core/decryptedtext_11> of sequential type is unconnected in block <aes_fpga_top>.
WARNING:Xst:2677 - Node <core/decryptedtext_10> of sequential type is unconnected in block <aes_fpga_top>.
WARNING:Xst:2677 - Node <core/decryptedtext_9> of sequential type is unconnected in block <aes_fpga_top>.
WARNING:Xst:2677 - Node <core/decryptedtext_8> of sequential type is unconnected in block <aes_fpga_top>.
WARNING:Xst:2677 - Node <core/decryptedtext_7> of sequential type is unconnected in block <aes_fpga_top>.
WARNING:Xst:2677 - Node <core/decryptedtext_6> of sequential type is unconnected in block <aes_fpga_top>.
WARNING:Xst:2677 - Node <core/decryptedtext_5> of sequential type is unconnected in block <aes_fpga_top>.
WARNING:Xst:2677 - Node <core/decryptedtext_4> of sequential type is unconnected in block <aes_fpga_top>.
WARNING:Xst:2677 - Node <core/decryptedtext_3> of sequential type is unconnected in block <aes_fpga_top>.
WARNING:Xst:2677 - Node <core/decryptedtext_2> of sequential type is unconnected in block <aes_fpga_top>.
WARNING:Xst:2677 - Node <core/decryptedtext_1> of sequential type is unconnected in block <aes_fpga_top>.
WARNING:Xst:2677 - Node <core/decryptedtext_0> of sequential type is unconnected in block <aes_fpga_top>.
WARNING:Xst:2677 - Node <core/decrypt_result_reg_127> of sequential type is unconnected in block <aes_fpga_top>.
WARNING:Xst:2677 - Node <core/decrypt_result_reg_126> of sequential type is unconnected in block <aes_fpga_top>.
WARNING:Xst:2677 - Node <core/decrypt_result_reg_125> of sequential type is unconnected in block <aes_fpga_top>.
WARNING:Xst:2677 - Node <core/decrypt_result_reg_124> of sequential type is unconnected in block <aes_fpga_top>.
WARNING:Xst:2677 - Node <core/decrypt_result_reg_123> of sequential type is unconnected in block <aes_fpga_top>.
WARNING:Xst:2677 - Node <core/decrypt_result_reg_122> of sequential type is unconnected in block <aes_fpga_top>.
WARNING:Xst:2677 - Node <core/decrypt_result_reg_121> of sequential type is unconnected in block <aes_fpga_top>.
WARNING:Xst:2677 - Node <core/decrypt_result_reg_120> of sequential type is unconnected in block <aes_fpga_top>.
WARNING:Xst:2677 - Node <core/decrypt_result_reg_119> of sequential type is unconnected in block <aes_fpga_top>.
WARNING:Xst:2677 - Node <core/decrypt_result_reg_118> of sequential type is unconnected in block <aes_fpga_top>.
WARNING:Xst:2677 - Node <core/decrypt_result_reg_117> of sequential type is unconnected in block <aes_fpga_top>.
WARNING:Xst:2677 - Node <core/decrypt_result_reg_116> of sequential type is unconnected in block <aes_fpga_top>.
WARNING:Xst:2677 - Node <core/decrypt_result_reg_115> of sequential type is unconnected in block <aes_fpga_top>.
WARNING:Xst:2677 - Node <core/decrypt_result_reg_114> of sequential type is unconnected in block <aes_fpga_top>.
WARNING:Xst:2677 - Node <core/decrypt_result_reg_113> of sequential type is unconnected in block <aes_fpga_top>.
WARNING:Xst:2677 - Node <core/decrypt_result_reg_112> of sequential type is unconnected in block <aes_fpga_top>.
WARNING:Xst:2677 - Node <core/decrypt_result_reg_111> of sequential type is unconnected in block <aes_fpga_top>.
WARNING:Xst:2677 - Node <core/decrypt_result_reg_110> of sequential type is unconnected in block <aes_fpga_top>.
WARNING:Xst:2677 - Node <core/decrypt_result_reg_109> of sequential type is unconnected in block <aes_fpga_top>.
WARNING:Xst:2677 - Node <core/decrypt_result_reg_108> of sequential type is unconnected in block <aes_fpga_top>.
WARNING:Xst:2677 - Node <core/decrypt_result_reg_107> of sequential type is unconnected in block <aes_fpga_top>.
WARNING:Xst:2677 - Node <core/decrypt_result_reg_106> of sequential type is unconnected in block <aes_fpga_top>.
WARNING:Xst:2677 - Node <core/decrypt_result_reg_105> of sequential type is unconnected in block <aes_fpga_top>.
WARNING:Xst:2677 - Node <core/decrypt_result_reg_104> of sequential type is unconnected in block <aes_fpga_top>.
WARNING:Xst:2677 - Node <core/decrypt_result_reg_103> of sequential type is unconnected in block <aes_fpga_top>.
WARNING:Xst:2677 - Node <core/decrypt_result_reg_102> of sequential type is unconnected in block <aes_fpga_top>.
WARNING:Xst:2677 - Node <core/decrypt_result_reg_101> of sequential type is unconnected in block <aes_fpga_top>.
WARNING:Xst:2677 - Node <core/decrypt_result_reg_100> of sequential type is unconnected in block <aes_fpga_top>.
WARNING:Xst:2677 - Node <core/decrypt_result_reg_99> of sequential type is unconnected in block <aes_fpga_top>.
WARNING:Xst:2677 - Node <core/decrypt_result_reg_98> of sequential type is unconnected in block <aes_fpga_top>.
WARNING:Xst:2677 - Node <core/decrypt_result_reg_97> of sequential type is unconnected in block <aes_fpga_top>.
WARNING:Xst:2677 - Node <core/decrypt_result_reg_96> of sequential type is unconnected in block <aes_fpga_top>.
WARNING:Xst:2677 - Node <core/decrypt_result_reg_95> of sequential type is unconnected in block <aes_fpga_top>.
WARNING:Xst:2677 - Node <core/decrypt_result_reg_94> of sequential type is unconnected in block <aes_fpga_top>.
WARNING:Xst:2677 - Node <core/decrypt_result_reg_93> of sequential type is unconnected in block <aes_fpga_top>.
WARNING:Xst:2677 - Node <core/decrypt_result_reg_92> of sequential type is unconnected in block <aes_fpga_top>.
WARNING:Xst:2677 - Node <core/decrypt_result_reg_91> of sequential type is unconnected in block <aes_fpga_top>.
WARNING:Xst:2677 - Node <core/decrypt_result_reg_90> of sequential type is unconnected in block <aes_fpga_top>.
WARNING:Xst:2677 - Node <core/decrypt_result_reg_89> of sequential type is unconnected in block <aes_fpga_top>.
WARNING:Xst:2677 - Node <core/decrypt_result_reg_88> of sequential type is unconnected in block <aes_fpga_top>.
WARNING:Xst:2677 - Node <core/decrypt_result_reg_87> of sequential type is unconnected in block <aes_fpga_top>.
WARNING:Xst:2677 - Node <core/decrypt_result_reg_86> of sequential type is unconnected in block <aes_fpga_top>.
WARNING:Xst:2677 - Node <core/decrypt_result_reg_85> of sequential type is unconnected in block <aes_fpga_top>.
WARNING:Xst:2677 - Node <core/decrypt_result_reg_84> of sequential type is unconnected in block <aes_fpga_top>.
WARNING:Xst:2677 - Node <core/decrypt_result_reg_83> of sequential type is unconnected in block <aes_fpga_top>.
WARNING:Xst:2677 - Node <core/decrypt_result_reg_82> of sequential type is unconnected in block <aes_fpga_top>.
WARNING:Xst:2677 - Node <core/decrypt_result_reg_81> of sequential type is unconnected in block <aes_fpga_top>.
WARNING:Xst:2677 - Node <core/decrypt_result_reg_80> of sequential type is unconnected in block <aes_fpga_top>.
WARNING:Xst:2677 - Node <core/decrypt_result_reg_79> of sequential type is unconnected in block <aes_fpga_top>.
WARNING:Xst:2677 - Node <core/decrypt_result_reg_78> of sequential type is unconnected in block <aes_fpga_top>.
WARNING:Xst:2677 - Node <core/decrypt_result_reg_77> of sequential type is unconnected in block <aes_fpga_top>.
WARNING:Xst:2677 - Node <core/decrypt_result_reg_76> of sequential type is unconnected in block <aes_fpga_top>.
WARNING:Xst:2677 - Node <core/decrypt_result_reg_75> of sequential type is unconnected in block <aes_fpga_top>.
WARNING:Xst:2677 - Node <core/decrypt_result_reg_74> of sequential type is unconnected in block <aes_fpga_top>.
WARNING:Xst:2677 - Node <core/decrypt_result_reg_73> of sequential type is unconnected in block <aes_fpga_top>.
WARNING:Xst:2677 - Node <core/decrypt_result_reg_72> of sequential type is unconnected in block <aes_fpga_top>.
WARNING:Xst:2677 - Node <core/decrypt_result_reg_71> of sequential type is unconnected in block <aes_fpga_top>.
WARNING:Xst:2677 - Node <core/decrypt_result_reg_70> of sequential type is unconnected in block <aes_fpga_top>.
WARNING:Xst:2677 - Node <core/decrypt_result_reg_69> of sequential type is unconnected in block <aes_fpga_top>.
WARNING:Xst:2677 - Node <core/decrypt_result_reg_68> of sequential type is unconnected in block <aes_fpga_top>.
WARNING:Xst:2677 - Node <core/decrypt_result_reg_67> of sequential type is unconnected in block <aes_fpga_top>.
WARNING:Xst:2677 - Node <core/decrypt_result_reg_66> of sequential type is unconnected in block <aes_fpga_top>.
WARNING:Xst:2677 - Node <core/decrypt_result_reg_65> of sequential type is unconnected in block <aes_fpga_top>.
WARNING:Xst:2677 - Node <core/decrypt_result_reg_64> of sequential type is unconnected in block <aes_fpga_top>.
WARNING:Xst:2677 - Node <core/decrypt_result_reg_63> of sequential type is unconnected in block <aes_fpga_top>.
WARNING:Xst:2677 - Node <core/decrypt_result_reg_62> of sequential type is unconnected in block <aes_fpga_top>.
WARNING:Xst:2677 - Node <core/decrypt_result_reg_61> of sequential type is unconnected in block <aes_fpga_top>.
WARNING:Xst:2677 - Node <core/decrypt_result_reg_60> of sequential type is unconnected in block <aes_fpga_top>.
WARNING:Xst:2677 - Node <core/decrypt_result_reg_59> of sequential type is unconnected in block <aes_fpga_top>.
WARNING:Xst:2677 - Node <core/decrypt_result_reg_58> of sequential type is unconnected in block <aes_fpga_top>.
WARNING:Xst:2677 - Node <core/decrypt_result_reg_57> of sequential type is unconnected in block <aes_fpga_top>.
WARNING:Xst:2677 - Node <core/decrypt_result_reg_56> of sequential type is unconnected in block <aes_fpga_top>.
WARNING:Xst:2677 - Node <core/decrypt_result_reg_55> of sequential type is unconnected in block <aes_fpga_top>.
WARNING:Xst:2677 - Node <core/decrypt_result_reg_54> of sequential type is unconnected in block <aes_fpga_top>.
WARNING:Xst:2677 - Node <core/decrypt_result_reg_53> of sequential type is unconnected in block <aes_fpga_top>.
WARNING:Xst:2677 - Node <core/decrypt_result_reg_52> of sequential type is unconnected in block <aes_fpga_top>.
WARNING:Xst:2677 - Node <core/decrypt_result_reg_51> of sequential type is unconnected in block <aes_fpga_top>.
WARNING:Xst:2677 - Node <core/decrypt_result_reg_50> of sequential type is unconnected in block <aes_fpga_top>.
WARNING:Xst:2677 - Node <core/decrypt_result_reg_49> of sequential type is unconnected in block <aes_fpga_top>.
WARNING:Xst:2677 - Node <core/decrypt_result_reg_48> of sequential type is unconnected in block <aes_fpga_top>.
WARNING:Xst:2677 - Node <core/decrypt_result_reg_47> of sequential type is unconnected in block <aes_fpga_top>.
WARNING:Xst:2677 - Node <core/decrypt_result_reg_46> of sequential type is unconnected in block <aes_fpga_top>.
WARNING:Xst:2677 - Node <core/decrypt_result_reg_45> of sequential type is unconnected in block <aes_fpga_top>.
WARNING:Xst:2677 - Node <core/decrypt_result_reg_44> of sequential type is unconnected in block <aes_fpga_top>.
WARNING:Xst:2677 - Node <core/decrypt_result_reg_43> of sequential type is unconnected in block <aes_fpga_top>.
WARNING:Xst:2677 - Node <core/decrypt_result_reg_42> of sequential type is unconnected in block <aes_fpga_top>.
WARNING:Xst:2677 - Node <core/decrypt_result_reg_41> of sequential type is unconnected in block <aes_fpga_top>.
WARNING:Xst:2677 - Node <core/decrypt_result_reg_40> of sequential type is unconnected in block <aes_fpga_top>.
WARNING:Xst:2677 - Node <core/decrypt_result_reg_39> of sequential type is unconnected in block <aes_fpga_top>.
WARNING:Xst:2677 - Node <core/decrypt_result_reg_38> of sequential type is unconnected in block <aes_fpga_top>.
WARNING:Xst:2677 - Node <core/decrypt_result_reg_37> of sequential type is unconnected in block <aes_fpga_top>.
WARNING:Xst:2677 - Node <core/decrypt_result_reg_36> of sequential type is unconnected in block <aes_fpga_top>.
WARNING:Xst:2677 - Node <core/decrypt_result_reg_35> of sequential type is unconnected in block <aes_fpga_top>.
WARNING:Xst:2677 - Node <core/decrypt_result_reg_34> of sequential type is unconnected in block <aes_fpga_top>.
WARNING:Xst:2677 - Node <core/decrypt_result_reg_33> of sequential type is unconnected in block <aes_fpga_top>.
WARNING:Xst:2677 - Node <core/decrypt_result_reg_32> of sequential type is unconnected in block <aes_fpga_top>.
WARNING:Xst:2677 - Node <core/decrypt_result_reg_31> of sequential type is unconnected in block <aes_fpga_top>.
WARNING:Xst:2677 - Node <core/decrypt_result_reg_30> of sequential type is unconnected in block <aes_fpga_top>.
WARNING:Xst:2677 - Node <core/decrypt_result_reg_29> of sequential type is unconnected in block <aes_fpga_top>.
WARNING:Xst:2677 - Node <core/decrypt_result_reg_28> of sequential type is unconnected in block <aes_fpga_top>.
WARNING:Xst:2677 - Node <core/decrypt_result_reg_27> of sequential type is unconnected in block <aes_fpga_top>.
WARNING:Xst:2677 - Node <core/decrypt_result_reg_26> of sequential type is unconnected in block <aes_fpga_top>.
WARNING:Xst:2677 - Node <core/decrypt_result_reg_25> of sequential type is unconnected in block <aes_fpga_top>.
WARNING:Xst:2677 - Node <core/decrypt_result_reg_24> of sequential type is unconnected in block <aes_fpga_top>.
WARNING:Xst:2677 - Node <core/decrypt_result_reg_23> of sequential type is unconnected in block <aes_fpga_top>.
WARNING:Xst:2677 - Node <core/decrypt_result_reg_22> of sequential type is unconnected in block <aes_fpga_top>.
WARNING:Xst:2677 - Node <core/decrypt_result_reg_21> of sequential type is unconnected in block <aes_fpga_top>.
WARNING:Xst:2677 - Node <core/decrypt_result_reg_20> of sequential type is unconnected in block <aes_fpga_top>.
WARNING:Xst:2677 - Node <core/decrypt_result_reg_19> of sequential type is unconnected in block <aes_fpga_top>.
WARNING:Xst:2677 - Node <core/decrypt_result_reg_18> of sequential type is unconnected in block <aes_fpga_top>.
WARNING:Xst:2677 - Node <core/decrypt_result_reg_17> of sequential type is unconnected in block <aes_fpga_top>.
WARNING:Xst:2677 - Node <core/decrypt_result_reg_16> of sequential type is unconnected in block <aes_fpga_top>.
WARNING:Xst:2677 - Node <core/decrypt_result_reg_15> of sequential type is unconnected in block <aes_fpga_top>.
WARNING:Xst:2677 - Node <core/decrypt_result_reg_14> of sequential type is unconnected in block <aes_fpga_top>.
WARNING:Xst:2677 - Node <core/decrypt_result_reg_13> of sequential type is unconnected in block <aes_fpga_top>.
WARNING:Xst:2677 - Node <core/decrypt_result_reg_12> of sequential type is unconnected in block <aes_fpga_top>.
WARNING:Xst:2677 - Node <core/decrypt_result_reg_11> of sequential type is unconnected in block <aes_fpga_top>.
WARNING:Xst:2677 - Node <core/decrypt_result_reg_10> of sequential type is unconnected in block <aes_fpga_top>.
WARNING:Xst:2677 - Node <core/decrypt_result_reg_9> of sequential type is unconnected in block <aes_fpga_top>.
WARNING:Xst:2677 - Node <core/decrypt_result_reg_8> of sequential type is unconnected in block <aes_fpga_top>.
WARNING:Xst:2677 - Node <core/decrypt_result_reg_7> of sequential type is unconnected in block <aes_fpga_top>.
WARNING:Xst:2677 - Node <core/decrypt_result_reg_6> of sequential type is unconnected in block <aes_fpga_top>.
WARNING:Xst:2677 - Node <core/decrypt_result_reg_5> of sequential type is unconnected in block <aes_fpga_top>.
WARNING:Xst:2677 - Node <core/decrypt_result_reg_4> of sequential type is unconnected in block <aes_fpga_top>.
WARNING:Xst:2677 - Node <core/decrypt_result_reg_3> of sequential type is unconnected in block <aes_fpga_top>.
WARNING:Xst:2677 - Node <core/decrypt_result_reg_2> of sequential type is unconnected in block <aes_fpga_top>.
WARNING:Xst:2677 - Node <core/decrypt_result_reg_1> of sequential type is unconnected in block <aes_fpga_top>.
WARNING:Xst:2677 - Node <core/decrypt_result_reg_0> of sequential type is unconnected in block <aes_fpga_top>.
WARNING:Xst:2677 - Node <core/ciphertext_127> of sequential type is unconnected in block <aes_fpga_top>.
WARNING:Xst:2677 - Node <core/ciphertext_126> of sequential type is unconnected in block <aes_fpga_top>.
WARNING:Xst:2677 - Node <core/ciphertext_125> of sequential type is unconnected in block <aes_fpga_top>.
WARNING:Xst:2677 - Node <core/ciphertext_124> of sequential type is unconnected in block <aes_fpga_top>.
WARNING:Xst:2677 - Node <core/ciphertext_123> of sequential type is unconnected in block <aes_fpga_top>.
WARNING:Xst:2677 - Node <core/ciphertext_122> of sequential type is unconnected in block <aes_fpga_top>.
WARNING:Xst:2677 - Node <core/ciphertext_121> of sequential type is unconnected in block <aes_fpga_top>.
WARNING:Xst:2677 - Node <core/ciphertext_120> of sequential type is unconnected in block <aes_fpga_top>.
WARNING:Xst:2677 - Node <core/ciphertext_119> of sequential type is unconnected in block <aes_fpga_top>.
WARNING:Xst:2677 - Node <core/ciphertext_118> of sequential type is unconnected in block <aes_fpga_top>.
WARNING:Xst:2677 - Node <core/ciphertext_117> of sequential type is unconnected in block <aes_fpga_top>.
WARNING:Xst:2677 - Node <core/ciphertext_116> of sequential type is unconnected in block <aes_fpga_top>.
WARNING:Xst:2677 - Node <core/ciphertext_115> of sequential type is unconnected in block <aes_fpga_top>.
WARNING:Xst:2677 - Node <core/ciphertext_114> of sequential type is unconnected in block <aes_fpga_top>.
WARNING:Xst:2677 - Node <core/ciphertext_113> of sequential type is unconnected in block <aes_fpga_top>.
WARNING:Xst:2677 - Node <core/ciphertext_112> of sequential type is unconnected in block <aes_fpga_top>.
WARNING:Xst:2677 - Node <core/ciphertext_111> of sequential type is unconnected in block <aes_fpga_top>.
WARNING:Xst:2677 - Node <core/ciphertext_110> of sequential type is unconnected in block <aes_fpga_top>.
WARNING:Xst:2677 - Node <core/ciphertext_109> of sequential type is unconnected in block <aes_fpga_top>.
WARNING:Xst:2677 - Node <core/ciphertext_108> of sequential type is unconnected in block <aes_fpga_top>.
WARNING:Xst:2677 - Node <core/ciphertext_107> of sequential type is unconnected in block <aes_fpga_top>.
WARNING:Xst:2677 - Node <core/ciphertext_106> of sequential type is unconnected in block <aes_fpga_top>.
WARNING:Xst:2677 - Node <core/ciphertext_105> of sequential type is unconnected in block <aes_fpga_top>.
WARNING:Xst:2677 - Node <core/ciphertext_104> of sequential type is unconnected in block <aes_fpga_top>.
WARNING:Xst:2677 - Node <core/ciphertext_103> of sequential type is unconnected in block <aes_fpga_top>.
WARNING:Xst:2677 - Node <core/ciphertext_102> of sequential type is unconnected in block <aes_fpga_top>.
WARNING:Xst:2677 - Node <core/ciphertext_101> of sequential type is unconnected in block <aes_fpga_top>.
WARNING:Xst:2677 - Node <core/ciphertext_100> of sequential type is unconnected in block <aes_fpga_top>.
WARNING:Xst:2677 - Node <core/ciphertext_99> of sequential type is unconnected in block <aes_fpga_top>.
WARNING:Xst:2677 - Node <core/ciphertext_98> of sequential type is unconnected in block <aes_fpga_top>.
WARNING:Xst:2677 - Node <core/ciphertext_97> of sequential type is unconnected in block <aes_fpga_top>.
WARNING:Xst:2677 - Node <core/ciphertext_96> of sequential type is unconnected in block <aes_fpga_top>.
WARNING:Xst:2677 - Node <core/ciphertext_95> of sequential type is unconnected in block <aes_fpga_top>.
WARNING:Xst:2677 - Node <core/ciphertext_94> of sequential type is unconnected in block <aes_fpga_top>.
WARNING:Xst:2677 - Node <core/ciphertext_93> of sequential type is unconnected in block <aes_fpga_top>.
WARNING:Xst:2677 - Node <core/ciphertext_92> of sequential type is unconnected in block <aes_fpga_top>.
WARNING:Xst:2677 - Node <core/ciphertext_91> of sequential type is unconnected in block <aes_fpga_top>.
WARNING:Xst:2677 - Node <core/ciphertext_90> of sequential type is unconnected in block <aes_fpga_top>.
WARNING:Xst:2677 - Node <core/ciphertext_89> of sequential type is unconnected in block <aes_fpga_top>.
WARNING:Xst:2677 - Node <core/ciphertext_88> of sequential type is unconnected in block <aes_fpga_top>.
WARNING:Xst:2677 - Node <core/ciphertext_87> of sequential type is unconnected in block <aes_fpga_top>.
WARNING:Xst:2677 - Node <core/ciphertext_86> of sequential type is unconnected in block <aes_fpga_top>.
WARNING:Xst:2677 - Node <core/ciphertext_85> of sequential type is unconnected in block <aes_fpga_top>.
WARNING:Xst:2677 - Node <core/ciphertext_84> of sequential type is unconnected in block <aes_fpga_top>.
WARNING:Xst:2677 - Node <core/ciphertext_83> of sequential type is unconnected in block <aes_fpga_top>.
WARNING:Xst:2677 - Node <core/ciphertext_82> of sequential type is unconnected in block <aes_fpga_top>.
WARNING:Xst:2677 - Node <core/ciphertext_81> of sequential type is unconnected in block <aes_fpga_top>.
WARNING:Xst:2677 - Node <core/ciphertext_80> of sequential type is unconnected in block <aes_fpga_top>.
WARNING:Xst:2677 - Node <core/ciphertext_79> of sequential type is unconnected in block <aes_fpga_top>.
WARNING:Xst:2677 - Node <core/ciphertext_78> of sequential type is unconnected in block <aes_fpga_top>.
WARNING:Xst:2677 - Node <core/ciphertext_77> of sequential type is unconnected in block <aes_fpga_top>.
WARNING:Xst:2677 - Node <core/ciphertext_76> of sequential type is unconnected in block <aes_fpga_top>.
WARNING:Xst:2677 - Node <core/ciphertext_75> of sequential type is unconnected in block <aes_fpga_top>.
WARNING:Xst:2677 - Node <core/ciphertext_74> of sequential type is unconnected in block <aes_fpga_top>.
WARNING:Xst:2677 - Node <core/ciphertext_73> of sequential type is unconnected in block <aes_fpga_top>.
WARNING:Xst:2677 - Node <core/ciphertext_72> of sequential type is unconnected in block <aes_fpga_top>.
WARNING:Xst:2677 - Node <core/ciphertext_71> of sequential type is unconnected in block <aes_fpga_top>.
WARNING:Xst:2677 - Node <core/ciphertext_70> of sequential type is unconnected in block <aes_fpga_top>.
WARNING:Xst:2677 - Node <core/ciphertext_69> of sequential type is unconnected in block <aes_fpga_top>.
WARNING:Xst:2677 - Node <core/ciphertext_68> of sequential type is unconnected in block <aes_fpga_top>.
WARNING:Xst:2677 - Node <core/ciphertext_67> of sequential type is unconnected in block <aes_fpga_top>.
WARNING:Xst:2677 - Node <core/ciphertext_66> of sequential type is unconnected in block <aes_fpga_top>.
WARNING:Xst:2677 - Node <core/ciphertext_65> of sequential type is unconnected in block <aes_fpga_top>.
WARNING:Xst:2677 - Node <core/ciphertext_64> of sequential type is unconnected in block <aes_fpga_top>.
WARNING:Xst:2677 - Node <core/ciphertext_63> of sequential type is unconnected in block <aes_fpga_top>.
WARNING:Xst:2677 - Node <core/ciphertext_62> of sequential type is unconnected in block <aes_fpga_top>.
WARNING:Xst:2677 - Node <core/ciphertext_61> of sequential type is unconnected in block <aes_fpga_top>.
WARNING:Xst:2677 - Node <core/ciphertext_60> of sequential type is unconnected in block <aes_fpga_top>.
WARNING:Xst:2677 - Node <core/ciphertext_59> of sequential type is unconnected in block <aes_fpga_top>.
WARNING:Xst:2677 - Node <core/ciphertext_58> of sequential type is unconnected in block <aes_fpga_top>.
WARNING:Xst:2677 - Node <core/ciphertext_57> of sequential type is unconnected in block <aes_fpga_top>.
WARNING:Xst:2677 - Node <core/ciphertext_56> of sequential type is unconnected in block <aes_fpga_top>.
WARNING:Xst:2677 - Node <core/ciphertext_55> of sequential type is unconnected in block <aes_fpga_top>.
WARNING:Xst:2677 - Node <core/ciphertext_54> of sequential type is unconnected in block <aes_fpga_top>.
WARNING:Xst:2677 - Node <core/ciphertext_53> of sequential type is unconnected in block <aes_fpga_top>.
WARNING:Xst:2677 - Node <core/ciphertext_52> of sequential type is unconnected in block <aes_fpga_top>.
WARNING:Xst:2677 - Node <core/ciphertext_51> of sequential type is unconnected in block <aes_fpga_top>.
WARNING:Xst:2677 - Node <core/ciphertext_50> of sequential type is unconnected in block <aes_fpga_top>.
WARNING:Xst:2677 - Node <core/ciphertext_49> of sequential type is unconnected in block <aes_fpga_top>.
WARNING:Xst:2677 - Node <core/ciphertext_48> of sequential type is unconnected in block <aes_fpga_top>.
WARNING:Xst:2677 - Node <core/ciphertext_47> of sequential type is unconnected in block <aes_fpga_top>.
WARNING:Xst:2677 - Node <core/ciphertext_46> of sequential type is unconnected in block <aes_fpga_top>.
WARNING:Xst:2677 - Node <core/ciphertext_45> of sequential type is unconnected in block <aes_fpga_top>.
WARNING:Xst:2677 - Node <core/ciphertext_44> of sequential type is unconnected in block <aes_fpga_top>.
WARNING:Xst:2677 - Node <core/ciphertext_43> of sequential type is unconnected in block <aes_fpga_top>.
WARNING:Xst:2677 - Node <core/ciphertext_42> of sequential type is unconnected in block <aes_fpga_top>.
WARNING:Xst:2677 - Node <core/ciphertext_41> of sequential type is unconnected in block <aes_fpga_top>.
WARNING:Xst:2677 - Node <core/ciphertext_40> of sequential type is unconnected in block <aes_fpga_top>.
WARNING:Xst:2677 - Node <core/ciphertext_39> of sequential type is unconnected in block <aes_fpga_top>.
WARNING:Xst:2677 - Node <core/ciphertext_38> of sequential type is unconnected in block <aes_fpga_top>.
WARNING:Xst:2677 - Node <core/ciphertext_37> of sequential type is unconnected in block <aes_fpga_top>.
WARNING:Xst:2677 - Node <core/ciphertext_36> of sequential type is unconnected in block <aes_fpga_top>.
WARNING:Xst:2677 - Node <core/ciphertext_35> of sequential type is unconnected in block <aes_fpga_top>.
WARNING:Xst:2677 - Node <core/ciphertext_34> of sequential type is unconnected in block <aes_fpga_top>.
WARNING:Xst:2677 - Node <core/ciphertext_33> of sequential type is unconnected in block <aes_fpga_top>.
WARNING:Xst:2677 - Node <core/ciphertext_32> of sequential type is unconnected in block <aes_fpga_top>.
WARNING:Xst:2677 - Node <core/ciphertext_31> of sequential type is unconnected in block <aes_fpga_top>.
WARNING:Xst:2677 - Node <core/ciphertext_30> of sequential type is unconnected in block <aes_fpga_top>.
WARNING:Xst:2677 - Node <core/ciphertext_29> of sequential type is unconnected in block <aes_fpga_top>.
WARNING:Xst:2677 - Node <core/ciphertext_28> of sequential type is unconnected in block <aes_fpga_top>.
WARNING:Xst:2677 - Node <core/ciphertext_27> of sequential type is unconnected in block <aes_fpga_top>.
WARNING:Xst:2677 - Node <core/ciphertext_26> of sequential type is unconnected in block <aes_fpga_top>.
WARNING:Xst:2677 - Node <core/ciphertext_25> of sequential type is unconnected in block <aes_fpga_top>.
WARNING:Xst:2677 - Node <core/ciphertext_24> of sequential type is unconnected in block <aes_fpga_top>.
WARNING:Xst:2677 - Node <core/ciphertext_23> of sequential type is unconnected in block <aes_fpga_top>.
WARNING:Xst:2677 - Node <core/ciphertext_22> of sequential type is unconnected in block <aes_fpga_top>.
WARNING:Xst:2677 - Node <core/ciphertext_21> of sequential type is unconnected in block <aes_fpga_top>.
WARNING:Xst:2677 - Node <core/ciphertext_20> of sequential type is unconnected in block <aes_fpga_top>.
WARNING:Xst:2677 - Node <core/ciphertext_19> of sequential type is unconnected in block <aes_fpga_top>.
WARNING:Xst:2677 - Node <core/ciphertext_18> of sequential type is unconnected in block <aes_fpga_top>.
WARNING:Xst:2677 - Node <core/ciphertext_17> of sequential type is unconnected in block <aes_fpga_top>.
WARNING:Xst:2677 - Node <core/ciphertext_16> of sequential type is unconnected in block <aes_fpga_top>.
WARNING:Xst:2677 - Node <core/ciphertext_15> of sequential type is unconnected in block <aes_fpga_top>.
WARNING:Xst:2677 - Node <core/ciphertext_14> of sequential type is unconnected in block <aes_fpga_top>.
WARNING:Xst:2677 - Node <core/ciphertext_13> of sequential type is unconnected in block <aes_fpga_top>.
WARNING:Xst:2677 - Node <core/ciphertext_12> of sequential type is unconnected in block <aes_fpga_top>.
WARNING:Xst:2677 - Node <core/ciphertext_11> of sequential type is unconnected in block <aes_fpga_top>.
WARNING:Xst:2677 - Node <core/ciphertext_10> of sequential type is unconnected in block <aes_fpga_top>.
WARNING:Xst:2677 - Node <core/ciphertext_9> of sequential type is unconnected in block <aes_fpga_top>.
WARNING:Xst:2677 - Node <core/ciphertext_8> of sequential type is unconnected in block <aes_fpga_top>.

Mapping all equations...
Building and optimizing final netlist ...
Found area constraint ratio of 100 (+ 5) on block aes_fpga_top, actual ratio is 39.
FlipFlop core/round_enc_0 has been replicated 2 time(s)
FlipFlop core/round_enc_1 has been replicated 1 time(s)
FlipFlop core/round_enc_2 has been replicated 2 time(s)
FlipFlop core/round_enc_3 has been replicated 2 time(s)

Final Macro Processing ...

=========================================================================
Final Register Report

Macro Statistics
# Registers                                            : 151
 Flip-Flops                                            : 151

=========================================================================

=========================================================================
*                           Partition Report                            *
=========================================================================

Partition Implementation Status
-------------------------------

  No Partitions were found in this design.

-------------------------------

=========================================================================
*                            Design Summary                             *
=========================================================================

Top Level Output File Name         : aes_fpga_top.ngc

Primitive and Black Box Usage:
------------------------------
# BELS                             : 1245
#      INV                         : 5
#      LUT2                        : 35
#      LUT3                        : 30
#      LUT4                        : 41
#      LUT5                        : 58
#      LUT6                        : 691
#      MUXF7                       : 257
#      MUXF8                       : 128
# FlipFlops/Latches                : 151
#      FDCE                        : 151
# Clock Buffers                    : 1
#      BUFGP                       : 1
# IO Buffers                       : 13
#      IBUF                        : 3
#      OBUF                        : 10

Device utilization summary:
---------------------------

Selected Device : 6slx4tqg144-2 


Slice Logic Utilization: 
 Number of Slice Registers:             151  out of   4800     3%  
 Number of Slice LUTs:                  860  out of   2400    35%  
    Number used as Logic:               860  out of   2400    35%  

Slice Logic Distribution: 
 Number of LUT Flip Flop pairs used:    868
   Number with an unused Flip Flop:     717  out of    868    82%  
   Number with an unused LUT:             8  out of    868     0%  
   Number of fully used LUT-FF pairs:   143  out of    868    16%  
   Number of unique control sets:         8

IO Utilization: 
 Number of IOs:                          14
 Number of bonded IOBs:                  14  out of    102    13%  

Specific Feature Utilization:
 Number of BUFG/BUFGCTRLs:                1  out of     16     6%  

---------------------------
Partition Resource Summary:
---------------------------

  No Partitions were found in this design.

---------------------------


=========================================================================
Timing Report

NOTE: THESE TIMING NUMBERS ARE ONLY A SYNTHESIS ESTIMATE.
      FOR ACCURATE TIMING INFORMATION PLEASE REFER TO THE TRACE REPORT
      GENERATED AFTER PLACE-and-ROUTE.

Clock Information:
------------------
-----------------------------------+------------------------+-------+
Clock Signal                       | Clock buffer(FF name)  | Load  |
-----------------------------------+------------------------+-------+
clk                                | BUFGP                  | 151   |
-----------------------------------+------------------------+-------+

Asynchronous Control Signals Information:
----------------------------------------
No asynchronous control signals found in this design

Timing Summary:
---------------
Speed Grade: -2

   Minimum period: 5.641ns (Maximum Frequency: 177.272MHz)
   Minimum input arrival time before clock: 6.071ns
   Maximum output required time after clock: 4.118ns
   Maximum combinational path delay: No path found

Timing Details:
---------------
All values displayed in nanoseconds (ns)

=========================================================================
Timing constraint: Default period analysis for Clock 'clk'
  Clock period: 5.641ns (frequency: 177.272MHz)
  Total number of paths / destination ports: 21585 / 302
-------------------------------------------------------------------------
Delay:               5.641ns (Levels of Logic = 5)
  Source:            core/state_108 (FF)
  Destination:       core/state_59 (FF)
  Source Clock:      clk rising
  Destination Clock: clk rising

  Data Path: core/state_108 to core/state_59
                                Gate     Net
    Cell:in->out      fanout   Delay   Delay  Logical Name (Net Name)
    ----------------------------------------  ------------
     FDCE:C->Q            32   0.525   1.975  core/state_108 (core/state_108)
     LUT6:I0->O            1   0.254   0.000  core_Mram_state[111]_GND_2_o_wide_mux_96_OUT6 (core_Mram_state[111]_GND_2_o_wide_mux_96_OUT6)
     MUXF7:I1->O           1   0.175   0.000  core_Mram_state[111]_GND_2_o_wide_mux_96_OUT6_f7 (core_Mram_state[111]_GND_2_o_wide_mux_96_OUT6_f7)
     MUXF8:I1->O           5   0.152   1.296  core_Mram_state[111]_GND_2_o_wide_mux_96_OUT6_f8 (core/state[111]_GND_2_o_wide_mux_96_OUT<3>)
     LUT6:I0->O            1   0.254   0.682  core/Mmux_state[127]_plaintext[127]_mux_1291_OUT83_SW0 (N424)
     LUT6:I5->O            1   0.254   0.000  core/Mmux_state[127]_plaintext[127]_mux_1291_OUT83 (core/state[127]_plaintext[127]_mux_1291_OUT<59>)
     FDCE:D                    0.074          core/state_59
    ----------------------------------------
    Total                      5.641ns (1.688ns logic, 3.953ns route)
                                       (29.9% logic, 70.1% route)

=========================================================================
Timing constraint: Default OFFSET IN BEFORE for Clock 'clk'
  Total number of paths / destination ports: 440 / 437
-------------------------------------------------------------------------
Offset:              6.071ns (Levels of Logic = 3)
  Source:            start_enc (PAD)
  Destination:       core/state_124 (FF)
  Destination Clock: clk rising

  Data Path: start_enc to core/state_124
                                Gate     Net
    Cell:in->out      fanout   Delay   Delay  Logical Name (Net Name)
    ----------------------------------------  ------------
     IBUF:I->O            22   1.328   1.442  start_enc_IBUF (start_enc_IBUF)
     LUT2:I0->O          119   0.250   2.723  core/working_enc_PWR_2_o_MUX_429_o1 (core/working_enc_PWR_2_o_MUX_429_o)
     LUT6:I0->O            1   0.254   0.000  core/Mmux_state[127]_plaintext[127]_mux_1291_OUT66 (core/state[127]_plaintext[127]_mux_1291_OUT<43>)
     FDCE:D                    0.074          core/state_43
    ----------------------------------------
    Total                      6.071ns (1.906ns logic, 4.165ns route)
                                       (31.4% logic, 68.6% route)

=========================================================================
Timing constraint: Default OFFSET OUT AFTER for Clock 'clk'
  Total number of paths / destination ports: 10 / 10
-------------------------------------------------------------------------
Offset:              4.118ns (Levels of Logic = 1)
  Source:            core/ciphertext_7 (FF)
  Destination:       leds<7> (PAD)
  Source Clock:      clk rising

  Data Path: core/ciphertext_7 to leds<7>
                                Gate     Net
    Cell:in->out      fanout   Delay   Delay  Logical Name (Net Name)
    ----------------------------------------  ------------
     FDCE:C->Q             1   0.525   0.681  core/ciphertext_7 (core/ciphertext_7)
     OBUF:I->O                 2.912          leds_7_OBUF (leds<7>)
    ----------------------------------------
    Total                      4.118ns (3.437ns logic, 0.681ns route)
                                       (83.5% logic, 16.5% route)

=========================================================================

Cross Clock Domains Report:
--------------------------

Clock to Setup on destination clock clk
---------------+---------+---------+---------+---------+
               | Src:Rise| Src:Fall| Src:Rise| Src:Fall|
Source Clock   |Dest:Rise|Dest:Rise|Dest:Fall|Dest:Fall|
---------------+---------+---------+---------+---------+
clk            |    5.641|         |         |         |
---------------+---------+---------+---------+---------+

=========================================================================


Total REAL time to Xst completion: 568.00 secs
Total CPU time to Xst completion: 513.38 secs
 
--> 


Total memory usage is 1069932 kilobytes

Number of errors   :    0 (   0 filtered)
Number of warnings :  499 (   0 filtered)
Number of infos    :  178 (   0 filtered)

